db_id,artist_name,spotify_id
3fe47505-d802-46dd-becb-812adf665546,Diandra Faye,5gdYdbKxGw2Mq25TfsmH6q
0dd52164-6a83-4bc8-9232-7fc594a355e9,Taska Black,3XFcu2NnGWceLNdxRCfYH3
6b40a840-afd2-4065-834f-c8b590a96bb6,David Spekter,0F1UBU7ZD8HOR44X5M6eMT
daf7b65f-6e2f-4da1-b3f4-d81bc5471d08,Mihka!,07MiScs25YZlJ3OrsF3GIK
99b9a401-a8cc-4dd3-93b3-a56f64f5b1d7,Adam Pearce,0AhdWP01wLAKxDfhsKMEKf
066088e2-4c96-4419-b5aa-f8894ac8ac0a,Bear Grillz,04vdWVjgi45nrMAxeCEVQe
31db93da-ce80-4d65-98f1-73a3824198da,Weston & Teston,72VyVZvtgFDu9c0Bf23gsR
3246e068-d503-45be-a320-064ba44ee34a,MYRNE,41DKMtAnhVo7aDeluAHDJg
05980a75-5934-4401-bf41-91d9e6482c96,CLOUD ZERO,5k8aKKH3WU39dXEbRyUhGJ
4d7e7854-16c2-475c-a4fc-826a29a7fc7d,Infected Mushroom,6S2tas4z6DyIklBajDqJxI
e0960ea3-cb5f-4aa0-8539-b44c3d5b8bd6,Exorbiter,3mxWsLQAIVV3YqHzxpH8tN
958607fa-ee53-4956-b4c3-3c730af7ae5f,Mike Taylor,30ejUciK31BCg0IVCbt1dW
63252037-72b1-49d8-bf75-553fb82b57b0,Julian Gray,7zgYgOlFA5NRLumUDzKSVN
5ea92cd9-044f-4c96-b93b-9920dec66639,Stoneblue,1GdY7Cww4HDYTnnayS9hqR
833a08b8-4ec0-4df6-bfaf-cb03f9d7867b,GorillaT,3zcOegUrWqti1S0lu4juJz
e7f9b328-f792-4fe2-9137-5b4bf93fde33,Piero Pirupa,5FD9tbbiWd6th8FaOdCtnB
5751d14f-cd7b-4d2c-8d8f-ab7e803750f0,Going Quantum,14XqctcPu0lzQjrUZ06Tsn
88659410-f063-4026-84a6-217ca9253ccb,KC,0HnFImXmf8r1qmmyFwDXMt
4dae2995-4a64-40ec-926a-bf5fb7dd7aab,Alex H,3VJS76xe6UUj7Qo2S9gxvB
f465c64e-5d59-4f9b-ab68-43bf14c0dca5,Laszlo,0IYI04P2UzxwxJxvdvKk7P
5c18f0e1-403c-45d6-bdae-771b6b5ee15f,TheFatRat,3OKg7YbOIatODzkRIbLJR4
177377d2-3c32-4c50-a0ad-238cbf6f90df,Koda,3WhvgoOwfFRjuHf7zgCptu
6573ef2e-aa68-4c64-a6b8-ea6203f33c95,Knoir,7Knv331TlVGpUA1vRMZxZW
9db2b44a-880c-41df-990d-296b65e02485,oncor,63xSD9oz9Y7hM7HXCSEydX
214c5cbb-c631-4223-87d9-f27243a7088b,Anevo,1FmrdSfTqWOzQoEoaS7MWb
709d952c-05b3-4f11-9b57-e0f81313453d,Jason Ross,6CCTvLyIHqUhY6VQizt150
50a5db92-b428-43c6-aa4c-da4df602d13b,Stan Chetverikov,4cCZotEoJ3T7ks0Fet0Bf4
0f2b9b6b-34c8-41fb-bbe3-a434883f4243,Darby,6rErJmMCoNHUX0Z99uBB8m
ef5c3337-3fcb-4337-a577-12c9d92699bc,Allie X,0wnYgCeP013HkKoOyC5V32
52f78d4e-f5a0-48b7-8768-d79360392c68,Bensley,3SfEKS85dj9v75ROsWJSiL
5f83dd97-8761-4008-9edb-adcc07280a86,Duce,6MBI5TYgu9T3s5NeqAgbxD
634b5ec2-d71b-44a0-8483-7c3d3f8820f0,Kevin Villecco,1wWsl04Vg99LLLKrEHYAhY
ae05cadd-c049-4de2-8ed9-4f5b04393f75,Teminite,5EEuae5uigQnwgYCl0s8EF
94e4e23b-e447-4276-999b-9ea018131e6d,She Is Jules,4XZ25UyxKA59Pi3d8WV379
34b09c97-6ab5-4362-9607-c1fdf74e2172,ICECOLDBISHOP,04zbRSHjzlQYvV31SW7qZ4
148c019d-7d26-4e69-a973-46f61c64188f,Holochrome,4J8ZCyRxfI3y0mqQhfmGbQ
ed20cd13-6649-4da6-b155-b7e35f014d5a,Kovic,3ETYLarLqOcdvtea9Cs2Sl
9b1042b1-10a7-4b91-9998-91b41db43ef4,Otto Von Schirach,5LNKJqTTwBurtQ79xMK8Ai
69d2c843-83a2-4ada-923f-77407baeb064,Control Freak,0ouxenSvuyyfflbOirMy19
4df763a3-f0a0-435e-8844-f491f28394f1,Diana Miro,7HKB2dr6EceAJM8xRlXYlK
759b2e4c-dddc-465a-83ff-86bf32daaefe,MC Spyda,2b4CwhkY6rAscPhxXVxDJl
91ee99ac-de26-413a-a2d6-17b257f4aa2c,Paul Aiden,2StetEA6xAwZgC0tGICp33
c5f93ca3-f8ce-496d-a032-e7e18ec12224,NOËP,0SjnenkLIpqRE9SUzogeOp
a1a4919e-ef5d-41fe-b530-cc4b63fe127f,Derpcat,3o8xPY8Zencrdc3RtvVaQM
f244691e-5477-4214-8f23-d9c21cab48b2,RUNN,3l0H4QNiYYNdIsnZ4JgJAg
6ef2eb7d-2493-47f6-9c82-7d5afca0eb44,Scarr.,2GmwYytxKfiAubo141R0tV
a64d062b-fadd-46fb-896f-193ab7d66e06,RIOT,0qPGd8tOMHlFZt8EA1uLFY
ff838a5b-2b91-4b97-b871-23c3eab8d095,Bossfight,1fILrc9B34DjHxSMkJmyBN
5fc76823-51a2-4ea7-b42d-69dc0eb1a8b8,Rylan Taggart,2QXBoMfV2QUgiMESJ2AACX
fa93c9de-2f86-4307-b42f-dcd66faa11e7,Goja,2Gy4HwdmVmRPWDBQO3lw3d
f6da39a2-4b0a-4937-b75f-3b4ee8309f0e,Reeva,6O0oqZZ8xqHnFmzdjhZg6r
0feceb2a-c5db-4a33-bd96-54df8798e670,Nonsens,09GJU4jF4zhNfN72mTyMCi
69ebec99-ed55-47b2-8fda-75e0bfeef4db,Micah Martin,4i8u1FZVapjZBcCyyrAnU3
40ce2675-7763-4f50-9f68-0bc62978f2b5,Bertie Scott,2m0xNVRx1tAHY3pfNXt7Ro
344fffd2-3f34-4df0-9fa1-2ceed96b1765,Keepsake,3TNyKBo7OPi8zuGJostZXS
574efe59-6881-419c-986d-5c18c655083d,djimboh,7cIzAFnvs0ilTGyfFJY8fd
2bb90f3a-d222-4dfd-9326-ca68e2c7efba,AC Slater,6EqFMCnVGBRNmwPlk2f3Uc
5e00ed53-6988-41c7-be08-b7f3cf2b46ec,Barzek,7h1pW3dxGdsnX6sOKkRWkT
2eddc5eb-dcef-470a-9a6e-2e574614d278,Jethimself,7LWHzPREhFBD9p6Wnigkli
f5d33876-ce2f-40ef-9445-1779ea894108,AUDIA,4qGtx1genwvagRTsEhU8oB
9f9e97e8-854d-4440-b196-1f6b23f384e1,Curbi,2XiiUuK68XNdHaHOAF5hnT
73bdcaec-b46e-485d-a035-bde7218c5a2c,vangran,4wWVNHRj2ZP8bXo4OWu0eg
5e3d22a5-8e36-4a97-8fba-459eda97b88e,Dror,31BRzHwH9Ayqp5AbRDk9kO
f57c23f8-a3d0-4cb4-a232-eda43a3dacff,Hausman,1jD9rZnKHp1tqnYMxSxkiQ
301f4ded-de99-410a-ab95-791d65664005,Deagon,34h3uv9dVLZqv4chYpSXWw
1b98313a-e8ea-4659-8669-7bc2610d5952,G-REX,0ZpPLGn0OkRMl2Y9Twn16K
a3913772-2bd5-472f-875e-2b8bc0114168,Popeska,4Td7DjmnDqvSDBHtuJomoF
575d3c75-06df-4aa2-8b0c-7eabfe7709ad,CHYL,15HOfHbNWedCAcJ3Cm1mbc
26c93fee-3b8f-4db7-8799-01f7d3ec104d,ZUSHI,4TEtKIGm8DIkdq2LGFlBaw
3dc14a2c-22b2-43d6-95ed-559761254a27,SLUMBERJACK,55BFQS36sJYz2B0ClypIvS
4c2b7da7-b510-405e-ac0f-5f1ee790beba,Tails,007nYTXRhZJUZGH7ct5Y3v
71f7c01f-c7b6-4f00-b8f9-4d3fd55f2ddc,Fractal,5XkWlDmNLDZA8MiOaRm6HQ
00ee7b56-f540-42d9-a961-acac9af1cef9,Savoy,25vU5DYwHIHhg1ViWV3SJq
316f9a9e-0574-4b57-9d0a-f15253a848cd,Mango,5x6H8meBBWk6J8qcIWxW7w
a9876b26-dbdb-4a60-ad74-7e35d7f4f7e6,劉美麟,5VjJhwgGrlT9YJCEPoAL3G
011f267a-effd-46ef-aac1-6723bfd7c82e,Akylla,5Ad8YPmqQf2tay2SZ8NxWY
e236d060-a7a6-4ade-b14c-0a934ced30fe,SKUM,3hXFd22CK7momnB40jiq9Z
61079fbc-dd63-403a-bc25-1e90ca3a5a6d,Kotek,5JD5mJBIRz9pisqHn7SM7W
fe0a7cc6-725b-411a-80e2-247783aa2675,Versa,7lm6PfYsdEvxXIqA5LaCA3
2095cccd-908d-4915-a91d-cab3f04e6c5e,Caster,4z7OnrBHTHdfpjNKl7NGox
3a2594de-fb19-485c-864b-06db36975508,Story Untold,0BOXARfvlX6FdiyMJUUn1Z
379c2cd0-745c-4572-8b47-a9fda106f882,Soultorque,43Oxp8D7P6sJWfbmrh1cif
9b424fdb-0461-4b5a-9171-82d7cdfea2fe,Josh Kramer,2stOL2fH4SxcTNg7RXo9AG
94ed7ed9-b1de-4907-92d4-196115151e9a,Ryan Coss,22TzutcnmM3B1e7mWLY0f7
75ff3e9e-ccae-4753-8239-eb5ad0edacb8,SPIRIT LINK,4k42mHalwBTdZWvAy3ucTc
1d684e90-387e-4eb7-bc86-85bd6d6ab0d0,Raymond Revel,17gtjCjxCPFSXyva6MAYts
a3ee6c9a-1118-496d-ba1d-c49495ce2e68,RudeLies,7hf6L4LN1RTVN66IdBVpPr
ed85fa25-3cbc-4d08-8fe0-817b16bd3867,Juventa,2c8lJBXnL9RqVgp81tm2np
1413e844-30ea-4ab8-a786-400f94453fad,THIRST,48jyKugtgYM5RdzwF7zKde
64c00b8a-b21d-4195-9694-a50a75f6aaf3,Guy Arthur,7I82CsIAyE2RTFwtP6gcrP
4637bf59-c5b1-4113-bcd4-0754a156f282,Veela,3CiuuHKIxxJPoNRvF94GtR
4aa7eefc-9f21-41a4-936d-3683433473f4,bludnymph,7GwwoezwdbKvUaNgtg51pX
c0c6c8b1-d9b1-4325-8a03-4f9a9e8190e2,Subformat,1IuudnaYrKISguh56IxqKl
53a5f91e-218c-4c02-86f5-b6d811aefa3d,Kazukii,5d07MpiIaNmmEMTq79KAga
5df3c63e-39df-444d-b368-01908302c550,Nina Carr,776UugG4CdQlYfsEUVCRqb
c23a71a5-b789-4f9d-87a6-203c933a2b33,Ryan Case,2MCUmcEXeY80S0aSucQsXn
9777c6b6-a78a-4fda-be48-ca76b6042dcf,Livingston Crain,4RtqDXilSr5s7rDH0t7oRn
ec9fcf0c-4a70-4dbb-a52b-80169e708a37,ShockOne,1yShtQaHjChbToQboKRzgH
74d88a4b-5fc3-4e4b-868d-59ad66c96431,Neilio,2wgZcTOArO4znVZzjKkiOH
2766e9ea-9b7d-4c07-a6cf-1c081e82db92,Xilent,1k78cRCnTM3T7EhvhVeaKX
f8246286-de35-435a-a440-80fa2cde5c26,Mr FijiWiji,2uEo8Rajpdz1AqineCVLHq
6fc0b202-a6f2-4c36-af79-75d8f84c2e5c,Egzod,3exvMmrLV6o4R42YnG3Id6
586c1cd8-cdc6-43b5-8e23-6e98c9b1c417,Referna,6yKE5c5IgT0cEwhIbvW2vd
3f1e3f3f-4a81-4425-8b6e-54eae43b2650,LVTHER,4sGfNIfA14nKOKNi9NNQ12
6d56c8ef-4ef6-4c5c-993f-46d933bb4031,BELELA,6nPKt2CGXcKHtmbMq8Sq62
bedfaffb-4819-4ae5-99f5-0d6a8fd16176,Topi,6WP0h3qR0awvIWPMvE72F8
b62d26b2-53ae-42d7-a66b-07498faca11e,Lauren L'aimant,2M2QzPADSybcVig2CBTcFJ
cda84637-b2ea-4081-9707-b1529ba98d27,VØJ,4KRllJ2dEeoqvxOQLOgOsI
ca9e2cf6-c76a-4009-8d15-60c346c507ec,Sharks,1C3aEfW34xkicZ5umNYdJM
8e20840c-2f81-4daa-b8b4-76f457f513f2,Marlhy,1fvH6NeNDohKGKwvRiebRA
358d5ea6-04b2-4055-91a9-bc00f1028448,HVDES,3koHmmPvpgZWHcVmK8AKDq
fd70ff35-2858-412b-8ecf-bb3fc79a5ce6,Danny Leax,7LhadozhnDqlnrs6thTnIu
a1ef0aaa-7806-4ded-970e-45569fb09473,VESK GREEN,4D6SwsmIOKAcd2sMavDqxo
be64f1f9-6904-4d9c-b9e1-062ef9559326,Modestep,5zYJziKktyqWwmoAWXrShP
cb7cd7f2-a865-401f-88e9-60216f6e7a6c,INHUMAN,1QeTjGvzNdgEbglFeedKWe
fd7660f8-43c8-4114-84ce-9747eb55e3f9,Blanke,59Yq0xrABEihHANsfo9QMT
809dc67c-205f-47a6-bf91-59b1f33b112a,Direct,5eOyDcFvvdc7D7BD6gCdsi
8d9ab895-8d0a-4642-93af-bf8df3a38916,Drowsy,2Sqm6MFN5019innB8vdSr9
ecff8f84-7f17-4500-a9d4-d29dd468dc8d,Selva,1Ejjxuav6kpsSyb6QIhjHa
255e74de-567c-4a24-ba56-739aeb31e82d,Obsidia,2tV5eD1SPIy0Mf871wk9Hp
bfdc6bf5-3a1f-4512-b83f-c4709f1db642,Gravas,2ucDELeg7gohUzo8kJ9Hj3
f90bf89c-d051-4a46-81b9-09d585ec4a35,Koven,3UCbp6D1lvILlxRJT9LnFa
6f9c6cc3-ee15-4c42-9969-86778b99516e,Adriano,16rL3ixuAl02NLL6uTCt54
7e6c39d8-567a-413b-a0b7-d39d1b58b101,CELO,0cF121Uo22slYVIvyft0Eh
d42dd12b-1bd8-49b2-b9aa-ec0cdc69c114,Jaykode,1AlMOfS6T5s24LsrLZ2Eji
16a80530-ecc4-4f56-8a4f-7b08de0a4a2c,Leotie,070fV7yF5r09T89LHE7HKF
bec8912a-eba7-4a8b-b242-18851cbcbd7b,MAYLYN,36L4aidPfPFcI1KPY1XDFM
b1b537aa-2fb4-4ac8-9716-822e2d692503,Redmoon,2zwLoBaOsn1egprJgHljml
b7f5a328-8a0f-42bf-885d-329c991f324d,LÚTHIEN,28J7jxbAyCfpC1R5XAgeq5
b8eaf9b7-e7f5-4b26-aa7b-6a9be8a5205c,nuphory,2K0uRwlc2VKeRoWS8Iuija
15ac219f-cd96-434c-9534-bc859d13c4b0,Nōpi,7sMOGsm8T0YZ230abl9TcP
e5d33ed3-22d0-4719-aa33-773441326639,Donna Tella,39czNpwEAe5tGKIE53XDmm
0da52a41-e1a5-4257-86f4-b65af12fa2ee,Flexible Fire,76sA8VLsfgOY1qoNgHnf8K
55a6a590-db08-41e0-bbd1-8701fd54f33d,Typhon,1dHoVVD7qBHRyfL7PU1bgb
884b168c-2b1b-4e6c-b26a-e0bd2d912b54,Basstrick,2g6IRi1Nu7TGzm2WhSggta
1fb5028f-350c-4360-a5e3-0bc3e974ecc0,Laminar,7KR2Kk6DSExT2gK5vDHgTr
5ded96d6-7784-44aa-aa7f-26154ae006e0,BKAYE,1GrQQZ7U31WfQPQbd3MHx9
1c81e039-0de8-4369-93d4-67bb4e0bf969,KUURO,5mVWu2Ofpm2mlEpuMm3b4Q
c4371b26-2df6-4664-980e-2195104dc330,Aether,5UyjnQfu4OsLGiOi3sIoEN
605b26f6-5188-4576-a626-e724abd47a76,Openwater,6OZpvsCiO11XyGxYr9gTTf
b631f877-ce18-45ff-a07f-d9c788148a04,Ellika,1GStVlUvAf7VkKbQ616ht0
f7d2ed7f-2956-4f4a-bc90-49fc2d2aab72,Virus Syndicate,0NV5eY4Jzg4ldg2ikGnV4n
6e67424a-877c-4697-8115-035d6d721c71,Roald Velden,1ezY8w6yikBekrZCUVYkLP
3712bd26-213a-479a-9258-b3af143cc776,David Broaders,5HZLbeENEV5dYKfq2dG14b
07227ce4-c2e7-4763-9b52-a11bff657ee4,Fox Stevenson,2BQWHuvxG4kMYnfghdaCIy
9f6167b2-2378-4560-b599-c282a38414cd,Unlike Pluto,4zjO8Jhi2pciJJzd8Q6rga
a20733d2-bc82-4a18-9642-4e7f00ff63db,Matroda,45lcbTsX07JWzmTIjcdyBz
945e7d66-f25a-47c1-a317-85ef58de769d,Snareskin,5sDdzMVQgnGZ0nND3WvByB
ee2dc254-ef81-43cf-adac-c8b5e0be56c8,Lava Hong,6yDrbCYEt6ICpuW4Uc9YZu
4e00fdd5-326e-40ad-b729-4f3aa605d7d4,Didrick,5yHFElFCi9F3I316qLU0QA
447cca79-bd4d-4e8f-928e-a46536da6adf,YULA,32GQyTofHn92DwudAFpVf8
cbcc1768-e0f8-42be-bdc0-f791b2974ddb,Luke Coulson,5ctD2yNFX7W8uWIxTvirkx
2d054283-d896-4a51-a17a-025cb2808989,Maliboux,157IWDnr2hC9SFL5OJF8j7
9c46dc3d-1628-45ac-bb6a-2998f4e489ff,Krewella,0Cd6nHYwecCNM1sVEXKlYr
ba4be37e-a152-4433-b3a0-7381adbcc103,EDDIE,0LgrViZrCyMgg5MfTc33bd
fc82df9c-dc6c-4b5f-92c8-e7aa76dd671f,The Night,2OcXhxBYCCNRNR4EYXs8ov
b610739e-3dcb-4ac5-8ea7-febf0175e638,Harvey,4p5OJUjMqi3l98prXVbGC9
fda2b171-d51c-4c34-8c42-86773e601d4a,RILEY,38SHprY6NUd8O9LyWJ4hg4
c5f6985c-f7aa-497e-87d5-564d0b88d5cf,Neville,2gt9YfYa9tUbY9grQKYwi1
9cdc6a94-97b9-41ff-8774-f524e4febc66,IVORY,4820AP0lvBGJjSK0PXgZgo
d9d7d5c5-46ec-41e1-a070-b7f3205af461,Blosso,5Jn30mbNDGHLSxfCUZc7XM
1af85ea2-0a52-4a09-986d-5715815f4f03,Snails,2yT7X3Gg2S51DHz67FAYL6
bb663f88-8f43-4448-972d-b44dfa452631,Snavs,4xFadP7L1YVwVSjDDfjKjM
f3758481-e1e6-4c16-8235-55b6aa379859,JT Roach,5CtI0OHj5x6rHQDqpM4JPy
339ea24a-4efa-48d1-b67e-2dfbe5af4b72,Sushi Killer,4dljuICglLYdFmk4dXtfUa
332be878-339e-4e08-bb9b-463627274dcf,Anna Yvette,2Ndq6RparrhEoceel7LC4Z
b1ec7ed5-cd7f-4af9-8ae5-42d6f053c1f1,Jessica Audiffred,4odLDriBk6oEZotzLPTSnD
c4bae353-8cc6-4253-8d5f-6a444ed898c0,Molly Moore,0mEUqATSCsYZUTyL09kB8g
5c47699e-fa8c-4128-b63f-895c41a784c0,Skifonix,0F04PBhk39Gj33jtAZ7Otl
6086d2cc-6758-4b71-bebe-2312c9ed2084,Vertical Mode,4wwpaTO20ncf1JS1OnsR9o
4bf8173c-95b6-4b02-849a-c185a5a2fa36,MARIELE,7BD5vJssWIjaDmb5Pszagd
77cd71cc-ade0-4786-b856-78dc5905a72b,Jess Ball,5HjbKQXMhybveoJOsOXS07
375d90bb-d2c7-4f68-a54c-92a3bb1eb717,Kymira,6bWdHKULequjwRPTQYWzer
66a0758f-3259-430d-aa1b-a04f61b4f295,beastboi.,0e87rlA12iAl7kIonLl2e4
590e7cf9-c9b0-4177-9acc-702a0bfad094,Talamanca,6T10DjLBN7wT5gtnPnhmEk
0f7ad771-847f-4f6e-a0f6-b1a8a4f277a1,Zack Martino,2US2mjK9hW7QGSBNpprlbu
df46b65d-c2ba-4826-84a7-78b1f36b1b42,Lena Leon,0izKfMblL8LX6Bv2wG3Cy7
b549a051-8d0e-49e4-9964-a3d814db2ab9,R7CKY,7nwTgB0QOv2yGprKxofyT8
28eb7dcd-61d1-4496-a36b-65ce1fa6cafa,Bad Computer,7uGeDBa1LJ7T1X4fpl8mwk
9d62422f-9ced-4207-9df1-541e3f71ab55,Memtrix,3bffaBH7akOhsSLsVJcJug
bc005777-9e1e-4f7c-96b8-1aa9f6f2f8d3,Deorro,6VD4UEUPvtsemqD3mmTqCR
05906178-0062-4a99-832a-94f633e6aab8,P Money,6WjX4pepHwXa85B9KMk0PY
10f080f3-62d4-4557-8d51-864410e07813,Arnie Way,5cHBng7fvXk2Ea8UcyR5ct
246b93e7-2ac9-4f14-b1c6-50dd7d8d1aa3,Enjac,7iIiRw3JSWI8c9n8CIQS3f
74c8cec7-cf79-4bd3-ae59-8e1164d3f27c,Circadian,1YrGu3E2y8jG5JJFlDEWFE
2fd625ce-9e1d-40f1-97bd-0b06199f9e87,Pasha,0elSJZFrHnayc7AUCkbWAl
cd8b9f9d-f9a3-403e-acbf-98762c45915c,Arlow,0UUg4WqiuFaqavE3JSZtHQ
b529a6cd-ca7f-4288-b1cc-e9f3712ba331,NuKey,2tmve58Sh3f0WZN76W30x3
305d253c-a80e-4dd8-bf41-375c44bd0b99,Illumia,3g79aLcgoTfoQTUrsiyPtC
a30a8026-6877-4493-a710-5b9a3edc862c,AMIDY,685c4a84PTRlygc8EUE7tV
73c7311b-6f01-4d6e-b80e-62a395fac382,Joe Jonas,7gbmX8SsfjEjxDMzBi1ZOL
f863fe11-d3e2-4519-aa09-7bbc412267c9,Degs,7gYMOxGbwZZgvaOc6z5VJG
25a37d5a-0eba-46c0-83e3-1b6269a573f5,Nicky Romero,5ChF3i92IPZHduM7jN3dpg
02e3e618-26a5-4d2e-a5e9-6ba8a19f15a1,Habstrakt,1YYJxpOXYk1z1WtqdeLMkn
2bf0a4eb-7be2-49d2-a460-14a2f5a8f941,Josh Bogert,2MbO01KZTMshiRXcOLo88R
35e77a10-64ed-476d-9ff9-9cfca645f2b3,Nu Aspect,4NhRml5ZOfNaYJAHUE0XwT
58977828-2305-4fe5-83e0-695822c37305,Cormak,4iutvY4Hf9bi5Hx81TUKSt
3f22af84-2ee2-43bf-9128-4dd09272984f,Kelly Paige,55gmpteNh4JYsHglV3aQeD
9745af40-c13d-469c-8a08-0ae7447da5da,Waeys,2I5WzC6NbIiTydDnvGGTu9
4555ad0d-9a0c-40d4-8075-7d0aa2ffae4b,Skybreak,2858y2JiMYIst8dY4WXGi3
91296622-d252-418f-8509-52571302552b,Delaney Kai,4R9LxtRMT4XlrKbbrvEHNl
bb2bf5ee-1d93-453a-a322-08916c31ce4a,RetroVision,6heMlLFM6RDDHRz99uKMqS
9581f755-5b54-4876-856a-ffc4a6792b7f,Stephen Walking,0FvgCHaMG7KL6M83yJuhmL
d63b34a0-0ae9-42ad-8c7b-e64b3c38bb13,Laura Brehm,7ddnIV2r4SLjuwyGlgLIWt
2ab3416b-aaea-4dc7-bcb2-cefceda8b72f,Nitro Fun,4XU5f8nGiPMr6eetud6epC
2cbb71bf-0993-4ffc-af3d-3daa4e2b37b6,Gammer,5nd7jnne7zbsV2J5jBKNOY
b1b9fccd-025a-4af0-b7b3-3b5576cb11a2,Duumu,6q8cRPrSLahGAZSVnjIYjF
230e8a37-9ecc-4d4f-a6dd-5a6a933de97c,Bound to Divide,5nQ7llwdZYT6MWMeLLe8dc
8f70d53a-5df9-4e4b-aa97-770e956dbb18,Terry Da Libra,1N18Bl1O1zRsE0uRrt3ekB
c7514884-cb7c-4014-bacf-6cec3ec4aa63,Wynnwood,5SD3UXASMH77lwNBo2lqj6
16b1b335-1fc7-44ea-9612-e562354e74b4,Medyk,7vbAs9frQTkhTyOWWIwsSL
083748a8-a21b-4549-ad22-ab78b981351a,Manu Zain,6MIXwGBFXAuLoaZ6s0fCT7
612fcd17-c7a5-47cf-81a4-24bf480f8519,Holly Drummond,24O8Ftz6AqboC3Uawbiw4r
ca4ea527-cb21-4591-957f-2457b20127ca,Monoverse,5ju81ZKFrDaQd0kOvRGNCM
8eb5e19b-ba6b-449f-9d0a-02d56eabb0c6,Zebbler Encanti Experience,1LJR81mjpmBkowZy1MPwQg
65630b28-037c-43d5-b701-e99ac8a6df60,YMIR,7MxaflmSZI1igZLk7Rg2LD
e5e3fb0b-f5f4-4569-8256-1db53c1b8fb3,SOLAH,4jrJBSg0c2qx8SMGa7ququ
46abc261-8e0e-4361-83e4-99640796446f,Madalen Duke,5qElg3REYcoPscmGLy0NmU
3871e33d-fb49-48f8-8978-447821093e5e,Seawayz,1CXuuw8HJhyN80HlNzvL1e
7f44055b-6eb6-4567-aa06-44f21e6a50db,ARMNHMR,0P2bZXPyjHYRW4guHVAFl1
7edb4cfe-4b78-46b8-91d6-942e84985e1c,OVSKY,6hs7DlQVJTvFgN7DyzkdnX
4db4835a-054a-4487-9e69-99ead4a5ad31,Kompany,7dtX3ykcuyVmts2HQnWgSP
b1bdf324-cdba-4df1-9a6a-bdd8004fb281,Cloudcage,7voZA8iemE4e4c17BdlNaA
41239a6b-2b48-4fc8-aa57-ceac87a887a2,Tylor Maurer,5FECk97BsAybDAUZmlCXll
8c29bcad-0424-4cf5-a674-bd572e8c4e32,Zack Gray,4ts4KzTqLDytonufwGpl9l
df9988d9-8b00-428a-bc0a-8976bf267332,Martin Graff,6SR5c2LXuUrSqhqkj3MTz9
58591fad-3059-4781-b2d4-a70e99f7d323,HALIENE,1sKIizVYeHkGy7Tjmn9QRj
163c12b0-d79c-4f3f-b020-d53a05130a1a,FOMO,6K4rA9ocjtIaTOEVZ4N6dX
7a65dbb2-4e37-4046-ac67-eb3ba6107b48,Keanler,1TMkg5qcE49Wc66pPls4NK
6bc89591-f437-439b-8a9a-37ce19e234f7,Droptek,4Pn0zmbERg32YIOjl2nOQf
5f1c1b88-eeee-4015-89e3-01fdeacd4073,Aviella,5UA4NsiBgSQICPFMDKcPAe
074cc3a9-ea72-458c-b727-dd72968e5b8a,One True God,35Of0m0cvpLYrmQ6qd5ocp
b507521d-8c91-4066-bc9e-f1a2522e0913,Kevin Paczesny,5FSi8RqJ84WRQmIF78k0a2
ac36bdbf-5e45-4a86-969e-cd69d0ae68e5,Hollywood Principle,6ldZGvFDjs6KafLouTBHJ9
8ce495f9-e436-44af-8f8e-2b0f510ff237,Mark Novas,2iRVKO828lhfFL0RGyS7Ya
4f2c83b1-7a08-42df-bf1c-d1341b8982ae,Aftruu,5j8cJ0cS4JKvSAwmX5NDcH
6d7746d5-43ea-42b0-b060-85740954b82b,Vicetone,0daugAjUgbJSqdlyYNwIbT
52546fa5-023c-498e-a8ac-c1b3d9665de6,J. Cruze,4GiK8nFWRB2wXQRmXwHd1V
c45fdc1d-91f8-46f9-bfc9-a579f6fdf10a,Noequalgods,7dnNGsIp4wR4bTMqeLVr0c
3fe91fb2-2381-4c91-aebf-59c80244d882,Marcus McGarity,5aWpxrOUPNG6JcpqGB7GTB
793e6f1e-4275-4811-a31b-88902081f4c3,Tasha Baxter,7sLv4bED064cYa2XhF85og
9f1b1c2d-cb7a-434d-a197-f446b4172687,Naderi,6AuUD6XK7azpz23KJCbExL
c1fe55b8-44d2-4c41-8de7-7e2529a1738d,Scrufizzer,3JmGsgVoGUN1Ro1jLfi7k1
8b5bb9f9-daf7-4dbf-a2fe-1d149ecc6abc,Chris Ramos,18JILdSa5BfdNku8L7xvB1
305dfb91-753f-4123-b8bf-af2d23a82cab,Yola Recoba,7gvpJzKMMMQsdLqWF4SKs7
d66ec5e1-8432-4a5f-a059-eefcfc389e79,Chime,3hMTYaexWgGkXqvbkt6EIS
fc0589f1-0582-444d-bb63-b0e2adaedc69,Zac Waters,3KF7anPKoBvMZSJEFvZDN9
f8e3ed72-a5e9-46bb-8e89-ad28235572a3,Matt Fax,1XgI1X3xjXCKRP1ZjhqgkV
c4760c9d-9a46-4a0f-830f-e63503d47a95,Dada Life,00sAT5YX8W3xNd1EuqyHw9
92148ec5-b117-4c6f-a480-7a8d0010c07e,Stendahl,7hLrjiuNxZIf9JSPz2CbAo
67ea9c40-e7f0-4ce0-89ef-64745f67fded,Mazare,4yzZdtb9UicgY2M23eEtL9
62d27a16-24ee-4792-b066-1b583322d4c3,Eptic,4dvZ0abeUaiHm7Fu9Gj0PQ
3365fc89-8be5-41e2-a263-db621e409b14,SadBois,2ZH041yMjGFX7QwMxkFGZJ
39907891-c6fe-4869-8ab9-2b2335fb41d8,Casey Cook,3tG47C60La9mzGXfsIHTBl
1b553efa-e358-45d5-9a4c-fdc008e04e0d,Def3,6kqN8RoL2VpRM8EgGwHiHG
8fed81a4-8ad5-4e5a-bd42-0487a4ca628b,Bianca,43BmOTbp0fKzSvC4YxykMl
da4c2fad-8dda-4259-bd8a-973fc863c839,Zombic,6t0ofV5WMAz84Iqu0YkmTV
861b548b-b48a-4188-8340-c8566b97be7a,Anamanaguchi,2UwJRAgSOi1zcLkvUNc8XL
babdf90a-2f47-4bb1-ae5e-4538ece1c283,VCTRE,45B2tXcwmZXjfCbK6c3oqu
a325e259-197e-4c35-a02f-e5db876dd2a0,Labisch,2HavvskqnLQBiXlTyZuNZC
d77d2822-be2e-4771-a93b-6062be053281,vowl.,5Q0sv5SeMZln6szEW49dHL
5d784541-63c9-4864-98da-edb57467a9aa,Night Panda,4pmV88dqzWGC82M7yFVx5z
5e0bacd8-af5d-4b5a-a2dd-f5d2c95253cb,David Feldman,53WoIbwTPs856mU10SR5D4
8718eb37-800f-4263-89ad-a88fe7b24248,Lil Hank,52nvCKtSvCKHRcc5DRHOL8
917a4a55-0053-46ff-85e4-c90a3afbbb73,Blood Groove & Kikis,7KIJwcYLtYSSNmP8KzmA9V
7e0eaff8-236f-41b0-8f54-41bf56a0616f,SQWAD,46z8E62fwg6cqxCLNB1FrI
58fb1dc2-a86b-464d-8940-2a1d3d40e13d,Robotaki,5ar4zFgUQG1RsH8nhmjOeM
c03eb0c8-39db-45ce-aed7-0f3cb577d955,Airdraw,5aBN1E7wd2mJU0Ug8fG60K
9e170035-d806-4808-b2f9-32b6eac74f67,Starletta,72ULrMZm9TVx0SDrpq16Fi
c19c5696-ab50-40fa-82d2-a070bf36ea16,dwilly,3XyvBNwsPBVhCXoYLNNQ84
e173ce85-77d8-4170-9c93-8a89e55eee67,Said The Sky,4LZ4De2MoO3lP6QaNCfvcu
f33546ab-f943-4733-9f65-41b4123c49a0,Tom Ferry,7nLgDxwtRUTbagZKa9aaVA
23e69c33-8135-4ecd-911a-8c98837d1a5f,Dani Demand,4AUz9m5EecusjVSBw0FylH
264b9368-821f-4f22-9627-3b4b04ef03f2,Rebel Scum,59aaYbMLU4xeqKrwJSY4tE
f02ad048-bee6-4466-9450-1b3f4cd85318,Stereotronique,1x5jH1DE1ihbkCMqmQxCvv
5e060aba-e03f-4f8b-b9ae-bbd3653bc64b,Saysha,03xxq7MRuIQclNkrwf2ZJD
1af3abb6-4ef0-44b8-8443-1b65404c272c,Ookay,1HQGhla3VNj1dBmKTtVT2t
e7cb707a-566e-4d06-9c89-b9bb2488746f,TOMB,2PH8zrd38yO1SphvnINyvw
63ea59bd-2531-4da2-8cab-ec51e32521a0,girl_irl,0JVxdYzBWXOjkjt2e5r76D
b96670cb-5740-43b0-a9c1-e336a75996c3,Hyper Potions,1KkjjsBwGqU2YjS9OIucZV
7a141f73-0d00-4b0f-91f7-75251234feb0,Illuminor,3sqmA4WmKDnfG5L2cmJuJ4
b2753bc7-0fc0-40cf-a85e-b3ea257d30d9,barnacle boi,6psDObCnL4BfpwqYzE0Dzu
dcf15d51-95bf-47f9-9881-e550c25d2213,Dylan Matthew,6d0ZjIp5L7Ygy2l02HskRX
46f2a4a6-bcf8-403c-bce4-645eae33b364,Lookas,27fy6rHPC58Eo2VUu0iJSG
a9638b5f-33ae-4424-8e4f-1b0d69b369ab,Clockvice,0KgVymhgHYfOMP13j78XsS
e3a8f348-3ac7-46f1-b3b2-3dfe5bb72b75,TYNAN,5oiSxivTCIoOk5UlMSwzWM
978cb302-b351-4c37-b058-798352b9cd34,Kliran.B,0o7MKyRdZRZcU8Bx5m3Ymk
baf7aee7-b98b-4ff2-8b4c-69c522340c0b,Embliss,5MSK0EcJzGYAEgTCY7EIAa
b8ffca1e-4e0a-4a1d-964d-06de9816fff9,Wooli,1Uyqa2sdHm1bL5JK4IC4zc
b9a8be02-40c6-43d4-a956-79a34ece9423,Frank Zummo,7xN9WPokBDyU1yTL2nxmjz
4d94e0a6-0fae-4440-8b74-8799e327b32d,Reach,4lYh6s3KAhgk3mLQa1F5C8
8b85601c-1c4b-41f1-b325-05a421be2e8b,Eater,5o9dfJmonwleJh7VcO5m3Z
26a50404-5c7c-450a-b076-4a52ef33ee1c,Haywyre,7aUSp5cOZlwEtd5zPC795k
cecac8f1-f8f0-479f-b8bd-71c75855934f,NGHTMRE,76M2Ekj8bG8W7X2nbx2CpF
89768a42-cea4-4814-afe3-522fdc7d6d9c,Sound Quelle,5mdTuNl23tON1WlsVbvD18
766cd1ae-fcfb-4ad7-946e-364b47d40327,Vindata,1Vxf1UfzcxqzqItoOA0DDT
1f0e6ff3-fd8d-4c57-809b-24dc71764263,Apriskah,2tNxhjGRAGqgynbRTwTP12
cbab4ad8-fd81-486b-a7d3-2dbd430fae3c,Matduke,2iTdqBeEWz0QriMt81o9CN
c0d0168b-0508-426d-b403-66d6910ca73a,OCULA,2VzzhmEHXT4nGim8nBw4ij
9e032690-ff30-4b6c-aef9-af1c9d09d169,IPeiqi,62ttTweDvqEfd60TMZaUzc
2c2b5bf2-d5c7-489d-85ae-e28881b09e84,Discognition,1VTyOD5RJcYUGn9uPFV5my
a1b5c581-a471-4ef0-abba-859e97b19f2c,Maestro Chives,1HD6q5dxREv64GOc3H7vBs
f738b580-cd5b-454a-abec-8471821bee8d,Emma McGann,7i99rgVJyrVbho0pfVUtzF
3232d457-cd23-4a68-ac5f-63c45b0b5b8d,Hope 6,7DFScNZ1EJh9AKrg7qQfxq
9d6a9e6a-4950-42b6-8c72-dd7b56f203e3,Cornelius SA,7t6WmbNSAbZJj4NDKMxH9N
4d2f2a4c-2d9c-4110-886f-d703b2d29325,EMAN8,1yga8fySsCSERk1AFvVdQ9
eb403d25-facd-40d5-ab51-198303815991,Underbelly,0sRH4nJGFNV1pu9cutNw5O
5844d1be-be04-4db6-a4be-73eb42c575a0,Masked Wolf,1uU7g3DNSbsu0QjSEqZtEd
8ea93eb1-af68-4b16-a77d-61cfb3606a19,Terry Zhong,6gmZPYIcqdjmkauB2krvSg
10de456d-387c-4cc7-aff7-32d315da6247,Rico Nasty,2OaHYHb2XcFPvqL3VsyPzU
f5b78106-95dd-4ad8-92d0-8015d6756f47,Isaiah Brown,7vKhc6hNiiTFBaW96I27wy
3e413a7f-9dbb-43c0-bb2a-0a28be77a6fe,Wolfy Lights,1VzKsrHWSH4Ij7dTWfPe7z
efb9f8b1-e028-490b-a456-e8e94ec6f56f,Dustycloud,5O9MafawyW4O2WhJQKXj2d
51db5af8-465b-4021-9671-878330d3078d,WHITENO1SE,0o6xglPZ7ZGNSIPBSwwau2
75633877-1e1a-4926-8462-7ed82200bdda,SPLITBREED,3Fe5n1HNeOPaDPwcPIx6Qc
b81deb64-4a21-44fa-83da-7038502892a1,lug00ber,2v48ggkAkCPBJ4ERWMNDYv
a36ee7ba-3532-46a9-9a8d-98fd6aa0aa15,Whales,5zId1SmYy46E9v2KQsSTFR
a9c19be1-c039-479a-b633-d76b7d536b02,Lights,5pdyjBIaY5o1yOyexGIUc6
46fca87c-cbe6-4bce-b33c-dd2065869c9c,Outwild,0GABmJRgNaIyOYzpslzG2W
75bd487f-92fa-4fa3-83a8-b800fd05b2aa,Dani King,3IoL23eRnUfAwnOTsbTLVp
983139c9-eec7-4c04-917b-3e6c270f8b86,MASTERIA,1cI5bP7j48xbopq0T3PRZO
63f6607c-1087-4983-ad80-bd1149ea0ff6,Tut Tut Child,6EmSzH0r12lNsYQCFzCFS3
07c9ba59-657b-4d18-a217-2648ad9dc514,Falcon Funk,05q3mV2fe0ZmFcFk3Ez8JQ
fef75af5-be20-43d7-83e5-900bf744ed1f,MC Mota,2kUNDOK5StemhF8zfPju2p
790e1e2f-ab15-4e6d-a249-afb1ce585b96,Bellecour,1PiNBMw3iIaG021gWeidUY
35278d4c-4864-4778-b5ec-ade5b2368f77,Braken,1SFSz2SewAsgPeFvGmAouI
2ddf0f76-7da2-4e27-9631-aa1c0eb626c5,Sonam,4N9hZHUQvTGg3cqrlugMVw
511181dd-ff37-453e-8ed6-a1501a5d5277,Astronaut,7lcbOlKjk4gLsCxd481hik
acaaeb26-342d-499a-9986-2361f29b2f75,Fon.Leman,5MfgpUZimCI5lEt3o0dD5H
a245f3dd-4bb2-40a4-9af2-c9153690ab39,Juneau,4GqIsFywX1zYRiXreoyU34
dd1c8f04-68fd-4f8e-a3ae-02e8e78fefc1,Feint,6RQ9kYbHisp1UUbnfwHNeU
0d90d419-e7ef-4c5b-af8c-5429eb1bcb82,SpaceMan Zack,53dPePMlci6GqJXISlntSK
66615677-5957-4eea-9e51-2930ebfc3332,Crimson Child,3HfDytr1a4fQhrC2J29K6v
cfcdcb1b-1a0f-472a-83f8-9830674b1988,Insan3Lik3,0ACEzksK2oPw72QtDMCUVV
39aab583-ae31-47df-bbd8-e70422181626,ill-esha,2sTLQWYys1f2QqpIZ3EOeU
57854413-700b-45c8-952b-9c7a5ed417b3,Slushii,41rVuRHYAiH7ltBTHVR9We
6ccaf13c-e05b-4fd5-adbb-8dd5dc6ad480,Jay Cosmic,0p7L2MImTqtWEAlMN9qHYx
0fb88a9a-e16c-4d2e-b39b-1a9d9402827f,徐梦圆,3xPXAe15gml6ZkVJrb2KCn
dfc8e37c-28ad-4646-a497-e02dbf252e49,RZRKT,28H813zcseKDMDftpws5ZC
e659de61-7f51-4148-b1c8-006e9006a9e2,Case & Point,1Bj395MP3AL2B6KouMzkFO
36d33d85-63aa-4bd1-9c9b-522dc907264f,Jauz,5ttgIeUVka6FLyi00Uu5h8
60bdb797-7fab-4b0b-8961-c7f6bc6d6036,Freedom Fighters,7Fmu1wTZGOG9b2w5qvM9XR
2d55b680-cb62-42af-af7a-d3b9042bd6f9,SCNDL,3Y7sK4nACC8R7WwAUUumCL
df14ac2d-f8db-48ad-a43c-2c5d640d05dc,neverwaves,2js39lyEUjoD0x3VxshU5o
f864f6f8-8930-4ae1-b711-df26154ed801,Carey Clayton,5YgelnfjmFp9I6NAP9FH7P
e3ee573b-de14-447d-aed7-9a7e9619c020,Jake Neumar,69weKTfYYEBofMntV36KPG
a787d8f9-eb92-4057-b419-2f630295fe30,Elliot Vast,2hJtwaX9JEp7l8EjigYkaA
a43e4754-92d1-4028-bca1-1eaaafba3835,boler mani,7uAzXw50IscCTZwLGTP2nc
a9c1875b-410a-4993-9ed3-bd632e877c84,MORTEN,19HFRWmRCl27kTk6LeqAO8
69634d45-745f-460a-bf54-bd99d01f8169,Mr. Bill,5JJclMMPi2YgEKjJY9AjbB
7d238f1b-63bb-4243-9722-06ac1af664f8,Julian Calor,2y8eOaQNjiIuITkz6zGfgL
f9b02088-e9c2-40c9-a584-2b748dc9a11e,Evan Duffy,3dgukBVETDw8zysM80pbcT
1d5d3161-7582-4386-98d2-a214cf307b45,Park Avenue,2InIVjILfVHmvET4a35JaF
f2a1a639-6177-4726-be02-158ca8fb8831,Guilt Chip,1PWCOmvvW8kVMRvPDyLC2P
7cefad36-9bb8-4677-8a43-009de183ffaa,Teddy Killerz,4xaF2VIGwhWyEMbM6GuLdm
84a6b532-5ea7-4176-97dc-1fa4b5f012ae,hayve,6HT10ZbNJFIRYirBe3PTxs
e312e93d-44d9-4f5e-9a41-c4f1f7b61aa9,Justin OH,5x2u5vpKBhviWQlni8VM8L
ae1007a6-e418-4682-947f-81ba8ea2e9f2,Jack Newsome,0JWzjpVD9Y6AJKIEg1JkYj
b815dbbc-3a9b-49c0-80b3-2d84102ed782,Britt Lari,7ErksWhMMsmGtgT1l1e159
4de96b92-7828-4e0e-a2ac-b5530e4ce458,Alan Walker,7vk5e3vY1uw9plTHJAMwjN
4b123afc-870a-4c59-b864-f8c225f30e28,Mylky,1z4ZloK1NRO7W0Dp10G5k2
9cd2be75-d927-43e6-ab17-8315b0454b53,Fractures,7sjRnhONmeFL1tmlUvdq70
1ac42a35-ebfb-4aa6-9193-c8cebda88ec8,Frostycat,2NlyDWKgAqar123eHeN54E
3bd38e60-7f78-4e4d-b9bb-d582aa9a9f14,Macky Gee,5EDztvTkyoKtK0ZdEdhOFx
5091869b-db74-48f4-bb14-5f61e96139bd,Deon Custom,0IgqyBnmTWYYN4e8IjLb41
be3ba9ef-32cd-443e-ba0b-69f653ae2f20,Noisestorm,2BuSNpxpMGJGiAAWJYJT2t
82cfeb04-041f-4f3a-aa5b-bfecd02fe31f,Spag Heddy,043Bey7ngSGRFpJftAlKpi
05fa2ebf-c873-41d5-9e48-2a817ce25a00,The Bloody Beetroots,0QJKELJZZuLAjqLOOixJm5
4d803f30-5c0d-43a4-a022-af87b20f157d,TRXGGX,1JnzIVfoK5jO7HhyHJuk9A
627d92d3-08e0-497a-b1f5-d06de86e1b67,Kermode,4O4L8A3vvOe23k36O1eFfe
039186ff-1fc7-4592-9cff-ae121a8647a1,Andromedik,7miXLG9boDOGHJaEelSL7T
205703f0-26b2-4f31-9663-7cb8d2d856fc,REAPER,24kY0bUku58QhWv5WFFXaf
ba0a4d5d-7178-47f1-a26d-efe011c2d3ff,Varien,2g1JSu9UfRcQQYb3b03Km7
47df2606-dd01-4d65-9fc7-927881adfafe,Qvckslvr,59dor9AF3qBCxesH4MKQ6M
5f87be7f-09f7-4ffa-abfb-b633cebf5226,Vorso,5Og6MsfuDPnFYd1asgHXdH
4f3e271b-4bec-46a8-9efb-23fe0d4751cf,Rome in Silver,0Hh9X3QxTHPE2dlAS1g8IN
f6a8b605-e0c0-416e-adb2-6d23b45fbdec,Convexity,5yyqKaR2sQiuMm2gC83f31
85facb9c-a01a-486e-9889-28d5f1b0bccc,TOKYO ROSE,3kwoPkICT4iPkNjr6mL13N
6ca10c19-ebbb-4d2b-b26b-7f22cb363dae,glasscat,1iZIgKdk4aQdTSupTIcRSQ
e3737895-793a-4941-ba6e-ee6810441338,Au5,40WIa01eubnEVkxUHeDZyF
7450a267-bfca-4502-9c73-8ef35778a01c,nanobii,7mUsBZ6g6BbAu2MBU8Nsu3
cbede708-95e0-418a-b589-1fd4645465bb,Sound Remedy,1UtzKaSQyctQO8GN8EyzOn
bf048c10-6cbb-4c49-83c1-aa5b93684a23,Waveshaper,4N55TE3vFODMR4BX5B9fnM
cb493777-52bc-4769-8cb5-f9ae85c2b70c,AmanderSings,173GfQx5bEtd47VPltulZ0
091906a7-4f0f-4ef0-8ff1-ee07e6b9e632,Matt Vice,5HBzypCAFddbcXcPl3s5Oq
2aa31d6c-839b-4425-9293-9a1daf71e687,CRVN,6Lk4en2wu5IjMxZWzJfJ28
c94c0443-e26b-495e-b6e5-b17581dc0d51,Soltan,6wIbmO0mcpIyQ6CFXIJmIy
24cca779-2f0c-4b5a-8827-f3f9b4a5cb6e,Kill The Noise,3qnMl4DHT4gndzFAcG4FlM
e16fe975-6db6-4efb-aa87-e44199f16951,Matt Sky,08FqNRAfeLHLh96BdNHljC
a93f49f4-759c-4c69-97a3-68359636f571,Felicity,0GMDqIa9e2s6S5EiqFHQ98
81f4c0be-f0f1-4dd0-8754-7452308d60ae,MUST DIE!,4aBx7mA6lUOVhEsjokZrXb
09f79366-48a4-4ee7-aba0-f91658514aa2,John Oates,4TjR4K8rD5CqqqU59V6aGr
ffdfc348-1d54-491c-857d-501eb52b8b65,XYSM,1LgEmkIWxBhh25V06pRGl2
b401aaf9-7719-4bbd-aa77-eb6c1196e32f,Crossways,3pbtmAp3GI2aG5m1eGKQq7
233b5360-b880-4e06-8ccf-64ddf50d3705,Sonicvibe,1x46G4YxpMsffJSAuEHjBW
1f73c62a-c77f-48c9-a9f7-bba420e6de83,Inner Voice,0x7ATJ3HxTtqC38OTOXrLP
ded52e4a-4709-4d2c-88b1-9eed39bd936f,Melchi,7LG5EbBmbQORP6SG9BDzSA
a910c47c-15f3-46bf-853e-efb9e06367f1,Hayley May,1WcwbtAnG5HWNbPPK84ued
976f9402-fff6-4f5a-8f10-58e8f9aeaeaa,NERVO,4j5KBTO4tk7up54ZirNGvK
4fe7b148-9f58-4cab-97e9-07654e099047,Pegboard Nerds,0lLY20XpZ9yDobkbHI7u1y
f1f6b3b6-88e4-4980-a206-9ee7c2bdbf44,AZEDIA,19YDv4gY8HMpdJgABGIVJn
314ed55f-3e61-42d2-a04c-a16260e22845,Sarah de Warren,2V431yZGG08uroH2CZAgur
130959af-1c9d-44a4-940e-e993b186131d,Pixel Terror,3DajvNySJjylWpCSeXefFm
26928ef7-b458-4511-ba9a-5d2fb0adf41a,FWLR,1bgWqGp78w6C8CNPvD6Qlo
6b7c8c70-365b-45c2-8a44-0b4b80c40d01,Danyka Nadeau,1bZhxzq9mhYkPf0wdxGko9
1e270acd-dc8e-4108-933d-00c9b9007139,SpaceYeti,2XrKdnLdRFf3yNB7DcnRrQ
8bb8a6f1-5a1b-4f0c-b710-9a6f28bd6f7c,MEMBA,7nJNuftnqwrFGFs3ZRRe0u
512f4f65-256c-4902-9c00-aee7f4596bcd,The Living Proof,0ugBL1a1T65aLKkctOHh2d
168bafe9-d3a3-42fc-ad3b-063d9960470e,Deffie,745AlLxG49Vmx1NhXbLxFy
9378e77d-df86-4328-b846-90a5150a96e6,ero808,6x9CKUBQ96VjXxKgGE5hIw
213f1ee6-461f-48f6-8be8-92fab1ee8ef2,Marten Hørger,0EdUwJSqkMmsH6Agg3G8Ls
ad0f2414-3a3b-4d2b-8aa2-98d5b5adb07e,Saxsquatch,0rsyQklwpBiAvkeXbnFB1t
2f4ff612-2016-4d8b-9a80-505d9b0161d9,Sivz,0NUhITSw1R757ncPIm3pGq
3b0de574-989b-40e8-a4a4-0eb07ede5644,Javeon,41sCs0Q7zO0ls64jWsHnj7
24972164-1fac-47f8-8085-6c08fc740224,Rival,4u1nYxjl132D6rcMeYQ6Zz
b9d740d3-820e-41c0-b3c5-3638b5a4d77a,Z3LLA,5GsXRkwr74MAPYBjrgUT02
abac8469-5f14-44a9-bc3b-2e2de60a0e61,I See Colors,5FNzvM9Dpzp0X1s2ykEJmS
5540daae-f000-4b20-8cb3-f78ff9bc4f7b,Mizar B,5S7leEnBkeMSW5kxQkmM2A
84e29425-f8ea-49c5-9747-9b9daeee10fd,ALLKNIGHT,28Upea6Tkq0l5oTu0dtX1c
906fba00-48f2-48e3-9d3c-df01356c9ef7,Feed Me,5FWi1mowu6uiU2ZHwr1rby
8afdc5ea-1ec9-4a18-ae57-27080339bce9,Hailure,1CVix4Yg8Q2o8YCFGNQUrn
9daa8478-d6c2-4a0e-a0b9-0175958e3ecc,Odsen,5u9LEu640uGxBEKnU1PY9V
058b992a-8167-48de-bbe6-db3dfabd18d7,Dirtyphonics,4zymhxzJ0UJc74tMHGyoWs
7485a6b0-3d76-41ed-b02b-3eb3e66a6f02,Elevven,1x72oeaWJ5kdXMXZoq0Icu
905126c9-ca84-44da-8d29-dd3c4ed10374,Tarjei Bjermeland,4U54iUoK1nWa1l5QQLrcTx
3fd32175-a5aa-41e0-9f60-f9a9b5f670f9,Jonathan Mendelsohn,5d1oOpLkM76Tgr2zWMTYkm
c6647fb4-3daf-48ae-b5db-f3e4c20d193e,Declan James,39oiuG8fuRE6wSvgxweydX
c476ebd1-7904-4413-8b5d-f35e3812fbd8,eliderp,3xOyUM5jZfbrDcHdI1Hn1J
be97b2c3-3943-45e6-9e30-439ba6594f0e,imallryt,5WXjAq5jNEHfrvZDhEYDDD
8c3cae96-bb50-487a-a2ce-b3c40155f35a,Nevve,3RTklnRcfHgkQJwFpgOq3t
6f9b4892-6137-4062-9460-7e664c5122af,Lets Be Friends,0E2SH86glIiPi5IQ0fx8kd
fc21d3df-e7f5-4271-8031-ef5a7e823ea9,Hoaprox,3tuxyjTQrEDsF0pV0WbqyR
7ce94989-baa0-44ce-8fbf-b009cc177094,Rated R,7LjnXw8QLtGkt9GSwyo7aj
b57a1dab-09ba-47e8-95b5-4d65b339b4f2,Crankdat,5lCekoJW9jNq01B1wiqdAb
b8934e89-2ec7-4db8-af30-b0067c9d1ff9,Supermans Feinde,6xDl0aD0AfdgdmkNZkVtBQ
252d7695-c68c-41cf-8842-b5de793fae86,Dirty Audio,1WGex9YdmT4TZjmmMirZA8
87dc06b7-e065-4b04-8f8f-c7da1b906d8f,Banaati,3lwdREjAeG9zskfcoPYAz4
0a9e4157-0acf-493b-a6d0-994d3f63b078,Nokae,32tm4kFatfXJM1kWaoBu69
9b05c79c-651a-4f92-bc21-dd215566467f,warner case,106OuakzOxxbXTuigEEf01
cbc8e328-751e-43d2-97e3-732bf30d995a,Half an Orange,64N3o9z76C2APyfgQV2HMp
5d8a7070-aafd-42ca-a97b-d99f25f95a1f,Danni Carra,1y2nMsmj0osjLiXHri15M1
05f4193d-0dae-4a09-88fd-02752ea9cac3,Gregory Esayan,1EOqDTixfAxQjvX2uAuvMy
63deb882-f287-4f6a-82b1-b9d080994efc,Jonah Sky,7wZOfHqEF90btFX62wYoiw
68a8556c-e849-489b-967b-9c53545a785e,Brandon Mignacca,5k1EecpyjkutxtmZKlsBOj
1fa7314a-4756-48e0-8958-75fcb9c70424,Drinks On Me,1cIz2h3ERs72r60yw78Deu
7cede162-4be6-4b7f-8b7f-f1409c5e4e82,Leyla Diamondi,0Ic8NW2XnSVcTwkrM6eLyw
af8e3e23-cb47-4e4c-a414-821021083a87,Arcando,0ycvq8upLhNmddPdQXhLOy
241a3647-3542-4ed3-bc01-bb3ea30e753c,gladde paling,6GVd3327JY65jGWX4X3wHS
96cd1718-8383-47f8-b2a9-1da7846666ef,Viperactive,7HeSEuZA4D7EtdygBjCbi9
5e5efb58-b1c3-4efd-bf69-32f70ac9ba1d,Max Wassen,3tUS9mNjww0E2uwqbHbHz1
474d4df5-622c-4eb6-9c55-4c29ecf35a68,Courtney Storm,6zd0ClAbzCmZ9qReLzekUV
e6b6a4a8-35d3-4091-b4d2-8be80e649658,Sebastian Ivarsson,2q2cHP90bIqnM7AyEWkDWe
7e12e081-8ab9-4698-938b-c7870c2e2b15,Rave New World,4ko7cVxrcdvwdRkkmiNcRI
d7c24f72-b609-43cf-9d46-2a8d29dcba15,Why So Low,4udkcJD4btZYw9AOlCBDMK
1febb787-c113-4fe7-9884-62fb6c2c2512,Claes Rosen,0DJbbindURDhi6N4cRf48d
ac6f00e9-7c97-496e-a470-85f7bbc2090e,Dillon Francis,5R3Hr2cnCCjt220Jmt2xLf
95a706ab-5304-4214-bb5c-b94e6457e6ce,Excision,5FKchcZpQOkqFvXBj1aCvb
67ca583f-7f2e-48a5-a97f-ff4d855385d6,Finding Mero,01F2xKu2BblqA0nG21zvzs
807cb2e7-e3d0-4f46-957b-3ad947b3f209,Kill Paris,6BNaPZdAIZAJnbgJRiZz2w
e19ae451-2d00-449f-acfe-26e09fe46bce,Idd Aziz,0LC3HTEh3afI3UfpmSdShk
763ac7c2-af95-4851-9313-09a7cb30dd1e,Silverstein,1Tsag5J854qxeOo2apszug
ee25e794-8897-4d09-a8b2-a84e7278fb59,DUALIS,3mbXSrD5JfE4rJ5LO0qi2S
14230a53-4b34-4949-a39c-87e2e4f8cd9d,Carola,1ms2l3rB6iHHxtPvR9kxgW
41bb31a3-4741-41c7-8e40-2e3e516ce61d,Aiobahn,3AMFQZ3Tt549kShRG2IBYT
0297bb05-07cb-4d86-a517-aec5dcdd8553,1up,7IbckQDhWF6ppQmWT5kCF7
45f37bd0-1931-420d-95b1-47bda97e156a,M A R N i E,5IIMk50U5mxPCeusKFjHph
0e63f186-6cf6-43b0-9f17-2298cd3821c6,Volt,2kKSibjeb2x2e6L3VjJkRu
1d5e032f-2aa4-4702-8b9e-d826d09f8ae1,Psy Trance Mafia,6AJiVMljdDi2Z1GF43m60q
fd1cc546-0f93-49be-a9b8-f1a3d4e1dbe7,Wolfgang Gartner,3534yWWzmxx8NbKVoNolsK
ac6ead2c-c3ad-4a36-895b-caff7ed1f4de,biskuwi,2wdY7YDYVddKtVbbgh1fCT
aac52587-2214-4d39-bcd1-49a46b240907,Kuspe,24FZmnUz58ndENxFnSAAC7
a2313b57-8602-4e8c-b48a-d9343884b1f4,Ephixa,7xYcJfhrRx9Iv8smhoEibc
772e359b-98c5-4ebd-a8b8-4090a51d6bc1,Faodail,7p53fRMaR9h4Ri162E5LGi
392ecb8a-a618-4e91-a2a4-986d185428dc,Rezz,4aKdmOXdUKX07HVd3sGgzw
2f650e86-19c8-4d32-8417-2c655dae3d0b,Darren Styles,2gZzTzeACSwFqkMroVxmnm
b2de5b57-a32c-4eea-8136-dcbca17edfdc,Dias Ridge,4Tn3M7czIarbhSFOmHYVMu
aebf9837-7b12-4a2a-9b3d-47b763d641cf,The Widdler,3SCAEdZEfpatrvdFeDLD2p
370cea8a-8325-466f-bb05-9c2185cbee68,Heard Right,3KdFNDrWsHS0EePg8svgRl
0cba8071-15ec-41b5-aeca-cc99b92950fe,Soulero,67PlXwfaqNlqmHMRHPl8aq
1d486042-0a72-48f2-9292-334e44a7e329,Bustre,7hfjEzzSLXPpjkboH8T3rh
32d61fee-0e38-4955-bd41-62ba82789781,Hoang,2KjxvxgJvbwweNVRMSuIRG
c0911475-ebfc-42f3-92f4-3853f4bcffbd,No/Me,4L0It80jhQQKMTU2r02nkL
32554d23-3c81-4fe3-b7ce-c3f717cd026d,Tristam,28Ky95tmlHktB96DBUoB0g
723fc92e-73ea-46f0-95a8-8da3608b5895,Deadcrow,4ufkY8hmhmYl4aCnzv3dLE
97e866bf-1b74-4aba-9ede-e8efdf4d64ca,Feathervane,7j32fTp3oaXsRUmnIQixaX
6ed27b74-0e8c-4aa4-9aa1-7fcb7bef87c8,Wind Walkers,2K2bsaNeuQAFkuVwrrlJe0
f5f02d5b-2e57-4d8c-b85d-34f2814d7da2,ellie d.,1sb3Wnb1EfKjGrGZxC7uhh
1a686971-0f2f-4b60-9988-9cb607620c43,Roee Yeger,532H5OS6W0NQak3xMOp7fz
b5f11844-8562-4acc-915a-215aa426a02c,Fiora,2r7POU2f5jV6x3k4vsNwrM
14d35eae-01ba-406e-9831-2898228ed949,Mike Robert,32CfvJx4uPDyBZ8PFzEQe8
05902212-a27e-4e40-82ae-557dcd358672,What So Not,4AA8eXtzqh5ykxtafLaPOi
9664359d-b413-457b-8fb5-2684c9f80f36,Chrisson,0HW3CKDl8r5KfgdoZBHobE
b752019e-0564-47a1-977b-47027118cd8d,Hairitage,6Cqy862jSCV7qdNrCDqvNK
50f44676-baa6-4095-af51-d195f2c3e2da,Øneheart,0dgJbQ0bKPyUXco8hEXN7X
23bc58ba-e378-41f3-af6b-e2dce4b23480,Heartful,0rSrqbsuGkhgPrg7jqk7Kk
f95eeb0e-d524-4bb4-9273-da05afe8e401,Sublab,3tjRdPCZTpme7vslZJYtJx
bd270f30-62fb-4338-b083-3868a872e59e,Caslow,40zwrE4brs61aEleZQ6SNq
1bf6c063-637a-43cf-94e2-c9914a538ee0,Timmy Trumpet,0CbeG1224FS58EUx4tPevZ
0b1f73dd-ed4b-4bf4-8443-ff304bdfb622,Hyro The Hero,54okLCsuAzwltG8zHECNpm
95f1bf46-56b5-46df-b1b7-0f5fe7e9b390,Oaks,1X2sRzO3K7Uvry9JWbG2iO
1702a82e-cc9a-4871-a307-e12fe9d25871,Ellii,3tWLnX4ZbP9FJfwMykic5e
f75424c5-7131-44c5-8c0f-90619847daf0,Annix,0llNeW8Q52i2sxV7DsFASR
3ea23b60-6c0a-440c-ba1b-c2eb1a67fcd9,Kaskade,6TQj5BFPooTa08A7pk8AQ1
ec95ff79-d190-4bf3-8bce-56716688e662,Showjoe,3Mik8aPFJ5lIK5APqqKqpb
b4e95641-3131-4302-a946-8f5f3db3efd2,zensei ゼンセー,6T9kdEIYDzBGxqO6X1Fl63
bd008835-c91c-4c1c-bf01-9cdc96e7ef8a,GG Magree,54pgkpWVgQYbQXD8bkUP8n
e1a2ab19-6e28-47f9-af8f-2561452ebc53,Midranger,3U6OvgyXngro2ryrJRj8U7
48203732-d352-496e-acd9-704ad537d89e,WILL MAC,5jH1Szsgrub3R1WQHlzByy
fffdcfe1-fb0b-46a4-87d0-8ab50189ab5c,Luma,29siAJ78u7y79BYOyh0lbp
83b442ff-e2ac-406d-9020-fcf08230e356,Linney,0vomb9Zaob10lPzxBcIiNb
f46b4d58-7f38-4309-87a6-e6ab2f09f86c,Slowpalace,5OykEYbsyupQcKIoTH5Szu
7db56bfe-be57-4827-90aa-d091673bd12c,Sophon,7AmI3Zl33iDdhRMvq0MiAV
f3054921-f534-42a8-aa80-86493e3e32f3,Justin Hawkes,5bNvSO3b75SGJrx0kOt996
7344f68d-5be5-445e-a96c-9358727a350e,Arielle Maren,7MbnTNfDyXb2vTM1GYXsLV
06ca0ad6-5355-42c9-8e6c-4a76528e3e35,Rusko,4BTcOR2hEQZQQL5AMo5u10
a6b63c5a-b437-4c69-843f-e0e88480d61e,Etza,5XCGOe3YCAhxsfQIUb5xGe
43207241-7aee-4dc3-a9c1-eea5600ce9e2,Anjulie,4DTbdShHu2RPYEEMUp2XWV
4a594b28-c2c9-48eb-b345-73fe0fcd1db5,Atura,5nn0cIrXfm1pZ7jKFFexei
742c7b38-5e3f-47c1-a288-3a8a5b97585f,Drove,6gqVaWZY9PVt1Lf42j4sZI
a1cc1791-01b3-4b58-b328-11c42181c119,DNMO,3cMInYqk6yzf37zo8iznoz
7064b85f-69be-480c-a02e-55447713b1f7,Delta Heavy,7GvVTb8yFV0ZrdI30Qce6T
46885360-01a4-457e-a72a-88a23fa5d97c,Leotrix,3mVL1qynaYs31rgyDTytkS
34c08936-6a19-43ba-989d-5fd8459a48cf,Cressida,3Mv2LWIIrvxUKyqnXX1CSD
5d0911fb-6be6-483d-8881-4147f9930bd7,qwinn,7LUgWAmGi0JiTUGtskeLd5
47faa893-4a1c-4e68-a675-852082fe9b23,Anita Tatlow,4hjXUEgdALesVBGGDx1hKB
817fa604-a77a-4d89-8c96-dfce2a18fd68,OAI,518xSxGVtLL5ck9r5xzasg
6d972455-9edc-4621-b6af-12f9bf65aabc,LTN,2IK99qf3aYxFWkgCkc7kQ3
0b234d82-5bb0-4f30-aca6-09dc3ad5fd03,k?d,714O3xvBNiclo82vxBn8Bf
3628d971-34cd-42d6-aafe-8db627160718,miksklim,1PQT3gGx4JUciQyvvJUeVz
2081be56-5068-4747-acc8-5341cbe4f4b4,Liam Thomas,0CDvUUuendAExit0nkRVpN
e33647e3-73bc-400c-839c-a75ff5343c86,Protostar,0n8nGcgKnLHVv106g3AfnH
b1bc0c46-6e7d-4cee-a119-5d6c219c4e47,Ericka Jane,1L4HGLMFRrJsAnug5M7slL
8bfce741-bfa9-40e9-8b78-bca082a9fb08,Summer Was Fun,13H2PbDHYtjo8v0R8HMAao
8c10daf3-5c07-4ff4-a5da-fbeb4595dfb3,Miles Away,3V8H59FqUdudlO1Fl019tg
71c438e3-0fbd-42cb-b427-386dd4ee38a9,Murtagh,4cpTlyZCR7ed2g4WG8gUDf
e3df44c0-d143-434c-a94c-7cabd5e81385,DEXTER KING,1cTcLDR0Y5LuXv7VlOQKmO
668477bc-a028-464e-904a-b8fd7e6aef02,Sol Rising,1BdgyHJZID1ceLLg31KyAv
32eb161d-a178-4d17-bd36-0461a1fd1a0e,Jay FM,0XHQV1DM8cqEJrB4gRuogs
978ab313-29b8-4a2b-9a70-5360509e4a32,Angara,14MtSANT6PClR71nsqXhy3
0399572b-13c2-45a9-bbdf-b67ec17aa1cb,Lovlee,0cPmf8oWIjuDXYrzsNFjj8
08550212-915a-4dad-a7a0-7f5f0754bd3e,The Funk Hunters,5xwd7lKJeb2opUvYZnXFut
873e315e-4181-4392-b8b0-5a14c6a203d6,Eliminate,6hBrJJrcYoNhvLC6KaFR4b
65f7f6d9-0be3-445a-9cbc-d717412fe8e2,PROFF,3jAosRBCdrybxqTnrI4Sld
12eea67c-9ee4-476c-8b4f-9d6892242f55,Marshmello,64KEffDW9EtZ1y2vBYgq8T
c0995ef6-2e30-4b46-a902-014f3584fc4b,Blackway,1QvK8bFc2WREH4LDlJcJbi
df10e1d8-2512-4daf-84cd-a98b89348b0a,Grabbitz,4fv1OFJywZ7DHCz3mVQQ45
695609dc-0df2-4c97-8183-d4d4ac09f40e,Andromedha,1naIVJt93vo4NJ3UHT6O8q
d933a26d-d7d7-4b89-906f-0547ab03e353,Eddie Thoneick,5bZtLLqlPwps3vdb8ElAkt
61c2fdc9-cd73-4fbb-b95d-1face8051d7e,Into The Ether,3d4kaVkfUluAiKUxDWDz5v
21a2fd66-704a-40a3-baa1-fc5adaacf755,Botnek,56coS2IZSVdhIlHyzR75mK
b106f9a9-f9f2-45d4-b328-a0a9c925914f,Franky Nuts,3YZPramylP3cGeVkbykhVZ
585bc010-28ae-409e-ac74-2905319a7e8e,Kohmi,6NhJ3byRXx7HJzpryxi8w7
40b38f7c-3f71-4bb9-9541-60dfad26314f,LAYZ,2ozQcs5XxFaj5fvA02zhwo
0fdb9698-2d80-4d14-82b3-0b79b3f3f358,Jodie Knight,4D8bh9Rvbpq8sHjPWVies5
696a5ae7-6a41-429c-92b8-527a149dbce0,Lewis Thompson,26OmQHradZrF0CS7DrgWDH
d04c3a6b-0de7-45be-b085-a5b2fa5371aa,SKYLER,6niUPn9Tqcb6KdXkGvbMR9
2393efc5-d48c-45c9-90fd-6b4443d0e3e9,ETC!ETC!,0iDBD558yJl5IfRXg9Yfwt
3551fa30-73f2-448a-8551-10bd56188852,Nytrix,1s8cu0X2A5YDwCLRN8AjFa
da8e838d-422b-42b1-bd74-0de1320f4b79,Robin Vane,4staIXcWEmr34cRhsDp8nW
176df0b7-6d2f-4815-be4e-909206be47be,Monika Santucci,5E1FAGKopxyWqEREQblCDA
8573f9ef-9da0-4a39-8513-5277bd34a2cd,Jo Cohen,0Szh8DhUXEL2iujQ9cdS4q
1222c0ce-885e-4c33-a9a6-fbae37615435,DESERT STAR,6OMzm6m3FqYxpnnYTWHJGO
12f01495-2137-4e2c-a52e-f73384625165,No Etiquette,6HXY7iEakhbnG63OH20oeh
b005a42b-5328-47a8-ae6b-5ff8271961f0,ellis,00CYRdkMnA0mwfy1VQPA7X
319cdb22-080f-4a96-83fd-83966d6d415c,Metzen,6UVfrR2nYuidH9RD4bk3sD
e44f9189-9025-429b-b73c-f12b91d0448d,Echos,6SnMMbLQ4iS8WIyt3ksmCR
bab42bf2-f8de-4490-bd4e-c8bb61b67c54,Bhaskar,6kT18gnkVrCz8xJQcrib7L
f0d6fe1d-3788-4f21-a177-bde20d1ddfcf,Jonth,461fWLhyGb1giJaTUEPpWt
dfbca56a-2a4f-4026-9dd0-6f336b95cfea,Macntaj,0erl2oe9fDqYo37ueBiG8K
ea10b593-4c51-4e67-9001-e8a903d2f23c,A.L.I.S.O.N,3gi5McAv9c0qTjJ5jSmbL0
cad364cd-e948-4ff7-8667-98112218f832,Nat James,3OyUmeS7InBZFjCduVVhGa
054bcd33-fc28-4fe3-85ed-bb7c0a9d2515,GOLDA,11AtYLKRQiLvNNNQwke7eN
31474166-4c3a-4f36-adfd-394b7cc51534,Day One,715zGGNQ0daDmsrEOeAyd5
92367566-3ad5-4586-8543-ec65f3fd0ebf,NIRE,3AeVpVoVJ6UlpfnJiZUpaL
dd7d7a33-3fdc-4f53-8120-cbbb52107cf3,Arion,7qxL3lnRSxi5VuxzA8htbj
ce76fbb7-95a0-4dbe-9a37-5f75a5aef6b2,SOTA,78UYwUXnotbqcp2NTxjujP
2a15a823-578d-41c3-9e50-e24e2f853827,Slaydit,0vC48gyflgfcrP6f50V9R8
f89403a9-367e-4c59-8949-412d0fffb609,SIPPY,4LLYqe8ogaK9wC1xHlvR5S
e96c92cf-9425-4a6a-adcc-df053b56fe1a,BeauDamian,5VjPvMZB9D6b9XEeXMg8SB
c170e7df-dd02-45f7-8a34-8f59836cec29,Mimi Page,1USUeNBNJcg7Of34Ix74lM
6f9ee7e8-a7e5-4e10-84fa-88d464faebc4,Matt Van,6pw4nmjxQHpyKWUBQi4SSz
450e700a-a864-4eed-b8ae-090747349e20,SLANDER,20DZAfCuP1TKZl5KcY7z3Q
90edc71f-34d4-49cb-8cdf-1e82a16d80ea,Bishu,1DzQInbDVhE9Lh5s6T0DUL
466ee7a1-58c2-48df-8b36-90418c3c32c5,KLAXX,1sg1SPREm84p1TlfjABfnp
1e62cafb-7836-432f-8a1c-335bcff172e6,Ricci,1EUMh6DZo2CfpolG75YQBL
9b1d6df8-521c-4ffe-8b74-0a8890e2b995,LOVA,1l2NYhptmHjo64MDOcej1x
2db48a16-d188-4845-8e2f-94a9310db0ae,Puppet,0QaiCsyOUjBgLqsbABu07O
e20256a1-4ef7-4bf7-88d0-8801cb7eb297,Wassu,0jxabdMr8MK0OQgpsMVQDq
7e3e3729-fc9c-490a-aab1-654fdedfefd0,Glacier,7DS9AJjKnseiE7nVofoULL
6170ae15-cebc-46af-87cb-4004eedbb28d,Holly,65stAzefvkwLeulY8215Zo
f3723a24-4ea3-4b8f-b147-1ff0344cb0c7,Stephen,64N1HzkQEXvjlJBQinWeu2
3e2c8089-730b-4a99-81b1-5c0b0029e51b,KANG DANIEL,5vGoWnZO65NBgiZYBmi3iW
06748e2f-eb46-407b-96bc-2ebdaeffaf5e,A.M.R,1VYDrE9BSCRxSX8VHVJZNc
a1c1a045-783f-4d72-9da0-f3ea052c237f,Hot Date!,01KcNDCU45PjQiPz2VCnzV
39ddd073-892c-4c41-99de-66b2f159795d,Elliot Berger,3DVo02zCQ7iZKujFgRLMXL
00b6006e-d8b7-4927-8582-f0de079988b1,Afterclapp,6SOIDTPmPScMiJYBm75gRC
9b6cc843-2f74-4127-ba4c-d2792662a021,Gemellini,28UAjnAJWWPfnlxU1Bvy2v
05f8acfc-8bfe-49e6-a263-bcb3ef1cb583,LEVEL UP,1ZpDxqXS6HAvoZyCzQfKRb
1b0ab34d-8848-4122-9fda-d2094c78781d,ESKEi83,2mwfx4gHhYVlrKjhEM5Q3R
7ef0c53c-2f3c-4117-bd11-823dab296c59,Dougal,4Dn8TwLoOeWtznIg0LLWFL
acc3e964-5a51-4fc7-961e-53f4d53e886c,Jordin Post,0bXDktUgihGHdyqpwF86TG
a05a104c-44f8-4f58-a125-dd73a8f57e7b,STUCA,5W9QwHSJPJ5blGIyn8nSUb
687aded2-6894-4b70-8bc7-474664876f78,Slippy,3gxGPuGK6DOpv7XVp8V6jG
8acfb0ad-be3b-4d24-8cc3-b250fe4e0322,LOOSID,08yt0VBNhmjTKfuZvt8ALq
459c475a-dc0c-4df0-b9ec-2cb5be4fbb26,Ruvlo,3nqbWR5FC0RSkS9kK1aalW
186ae12b-12d6-42c0-a5c8-d9f307424d29,San Holo,0jNDKefhfSbLR9sFvcPLHo
960283f2-8cfb-4fd7-b13f-1ff013933aa0,Kasbo,1ikID9RZZMvkuBGDWrqajq
9b96f105-6d94-4775-87dd-acf8e052a32a,Turno,1TVDml0EOLsjUxBCFzqWes
37b7ca9b-3b71-4ccb-b420-0d037198ed19,DotEXE,2S2RMiHABGxAQqdqwUN5qF
392ed316-4902-4d3e-983c-89cb14cb8451,Approaching Black,0SfWu37246YXADKirimzyW
14c71841-40a0-4a40-8e58-1aa59ba8d42c,Forty Cats,4QvopvfkScQMzOUiXRjMDJ
cd9f3505-43a9-4c95-96fe-83187fdb2a9f,Kid Spirit,6biLxqgIjSH15QbzXE8v8A
48caf5a2-5cf3-4225-acc5-91dd83f40bcb,Teqq,3sgy7yU69gKe86tsePYwKR
052b2344-2db5-4aa6-ab8d-3d4a5a71d06f,Jupe,3evbznUo9BuH3Ykqid374c
c77267b7-f740-45ea-b42f-e421a504f6e9,Silent Child,59XQUEHhy5830QsAsmhe2M
6f622f81-ddfd-4542-a52b-fc5ab4868f8a,Klasey Jones,0wPOVO0uMbHZy2ycXkOmY7
c8f5de4f-8568-40bc-b8aa-7b52591670eb,Daktyl,2YrfEkWJvn1wue6JqekigJ
9b4feb0b-93e0-469a-ab15-73739bb08b71,Dyro,03MVmfitJTVJIxYmObhQn9
e0175ddd-8233-4bf7-80f9-e69788a3be23,Defunk,79OsU8JudFdMQxQTnyOJcF
7d68cc0d-4016-45d2-a89f-5c24f394737e,Good Times Ahead,6M7RdR9ZP52h2mfNLmiHtU
0951828b-ad5a-4788-8791-42708e44b8ac,Cory Enemy,4dJlBSxhy0VNbtPt5qsFHO
f936b682-2bde-4430-b940-e9b1c02f3bd9,Psylla,0glz26CRdAXpDqL31326C8
f877c7e6-dcb8-4ee9-9136-fc3b8a24e828,Jimorrow,06qfSjDnOB1ZMdkynif9lv
cde171ec-fe68-4bba-9bcf-2cdddb429214,Veeshy,4I9gvXHCMWMzarL8yOyjIL
58629b6c-fd8a-4fac-8f7d-a32de0b75017,RIENK,1EDTEfdQZ9nRsyZjfRNEfo
393d4f1b-3db1-4ce3-99dd-09873a04ca1e,15grams,1O6ddbpGxRTse2V0YEkhNH
cb1a0c99-0695-497e-8842-80e9d5698969,EMEL,1U6FdBYgMkeRjQFuTF5JYr
0e44fc8a-3772-409e-a93e-f99b19baa648,Jo.E,1huIFRAUYkJ5VQ9GcXcUax
2e33e8ee-777f-4e1d-8510-34a1e60a2760,PIXL,210hjvKOh716ZO4ErE3x22
2a1e7813-5fad-47f9-8578-ec51c8ead042,COPYCATT,5XmObiDv74Etc9tJFMRtC4
25506712-1878-4c55-952a-0ca14f554978,REMNANT.exe,46q8Ul5r65jpuyZ8LwWPN3
5d820fe1-23a0-47bd-82ae-6e89be0a583c,ORACLE,3gZrJ9QnqxKlSdZAkT54aF
8ffb460f-b88b-4a64-b2f2-72689605e024,F.O.O.L,1ldNdtZX38LAsOk0ciLvb2
320a5fc7-aace-4598-92ae-62c32ec4994a,MADREX,4hI1zpze5eNa4V2MwkpLAr
a5b4cc6b-e7f3-415d-9f3f-197b0002623f,Juicy J,5gCRApTajqwbnHHPbr2Fpi
2d41a15c-4e40-49e5-814e-2392ba7a508f,Subwave,19UDaks6aMVPdEp8qhO4T9
07a6d2c8-ced3-4c90-95ef-b3593528fe02,Richard Caddock,4Mup4RsJSC8M36adeRrhgB
72eadab2-90cf-45b4-872c-54fd3500459e,LAR,2w3NdJswSn39l3TU9vIRq0
cb4b1e8d-4686-455b-b609-0402169bcda1,SVDDEN DEATH,2u01kCKA5wDvvztuH8lyT0
c49d738f-b5d3-4d7a-b6ec-10fd3fce6191,Nostalgix,6CarTAUaWnQb6bp7yjP0Zz
4878071b-c6a3-4672-ae24-dbf61d52844b,Candyland,3wzxasxU7kQxHPr0ky5rJq
e80b21a4-eddc-480a-b9d7-3f637828b92a,Soulji,3sCSFXcnA4yqnV7KhnxPnl
0b40e249-ed93-4a08-9796-8507a839525f,Throttle,6mPZJXtFVaakznkRxdgWtC
6dc65fec-dbf9-40be-9511-4456b8d95287,INTERCOM,6cHi0QWaBxWN71YpvTR4Jr
d4537372-2355-4ab6-90e8-3632884fb134,Flite,3w3WqbSrbWwGlnQV4fLcUM
23bd70f9-8e43-40de-9bb8-7bc3a759aa64,INFEKT,3I6KMDdmPiLE5UQ4XF8Kpl
21972eed-1ced-4400-b4ce-e40f1532cc2a,Aleyum,2vLlk2CcC4NnN7yoNSTmX2
2af5a867-2982-4231-87c9-d4c3f3848dd1,ILLAMAN,5Sbyn27Dwdsp9XtsFICpRu
ef44b246-a37e-4335-8ee7-04a45b4cef16,Nino Lucarelli,2Z6k8JBzhJPPRIAyKaUEJZ
9919dd70-1b1d-4aa1-99bb-b0df8e98b966,Eminence,1hHhlYmo4C03IoCJ7RnpS2
81b3489e-be69-407e-bfb4-bf1a092149d6,Last Night Saved My Life,0AcQzV75nMVCmChGNyGzPH
66bf0e33-8360-480d-8b14-6330f2664514,Seven Lions,6fcTRFpz0yH79qSKfof7lp
2be53386-2d66-4cbe-8ad7-aae1817fe503,Quiet Disorder,0MYmMGmRg8CFZPNZBAdjm1
11cf4e58-4230-49fb-92e6-c6eeb72362a2,MUZZ,4UNnRb4LN2hGtbtMfPzMhg
7f8e94c6-3c1b-4aa2-aaf6-d24d3929f8dc,Hex Cougar,0AlNB0yIoyxdKloLmK9AOR
631d4725-3c79-49fb-86b5-e6dcf80118a4,VRG,56hXYTbEGYdTwI2zjMMcVh
6ab18998-4d97-43b1-8b4b-21a007c7ca36,afterxheaven,1nBDBNm03zYq8mm569LT9L
c37b4457-2069-476f-932b-6051ae7b81a8,DYSON,5LWQLBPNcQrzUtg5imjz67
a44f50b1-c63a-41c4-9a9e-e0d3fb84bfc2,Marg Pappas,39ZlbcpvLujmbnB2yYsDS5
634b80c0-846c-43d8-806d-99bc0e844d73,Qoiet,7vlBJhLIORnTMtC9ZKcTFo
432a5af3-b852-4d1c-846e-9ae0f8dfdb72,Matrx,3UWM8Rb3JjZegw71LpCT6M
f155523e-24f3-49cb-84f9-31e1e4046167,Andrea Botez,2Csf1qoijHi5nMt2mMJcjd
90135778-c74c-453f-965a-1fda2e1051f1,Tima Dee,4pQIDKoWXRw04D9e37QzbP
96fca554-ef3d-4051-a7d7-de2b0fb76096,No Mana,20yuGdfbRkW0HH3OfG1Nkg
fc18f6b5-fdcc-49d6-b2ed-d00a3df32d43,Point North,5Vp7LqcfAtx2U1RfIX8i7r
5107f2b6-45a6-41cb-9c0e-ba56805b19c6,Jacob Wellfair,3ltleRPN7qd0CQ3rNVMW2V
b513b289-253f-4c61-93f6-267cef059564,Andrew A,01BNEFdzawMyAXoHVdtyPx
867149bb-b835-4258-8fde-c735966e16cf,A-SHO,1nMwu5ui0X2XYTRKGmCFJz
30832687-06cd-47e9-bcfd-3a9698d19456,Deutgen,23DJMI9DCZpuPaYy4izpdb
102c1881-92aa-4a19-a273-56d481bad46d,Favright,6drePuJljld7X7xb7s63EK
e441ca19-ac5f-4b13-97ae-9025e17a8cb4,Tamagato,2QvxPnYM67wdjAN5Yo8xXe
46bb538e-10b2-4f25-b6c6-49fd002c5e9d,Rossy,4wJ7gER76tRe6yTO87KySS
459c7913-428d-4403-9010-39675e0ce9b6,YUAN,3xPXAe15gml6ZkVJrb2KCn
7b7f7d35-b603-4d4f-9613-13162aa558e2,Juelz,04p1jV00pBnrmh2rKl0jnT
5bd2c525-5c0e-434c-85d3-32ac9b345f10,Jani R,2amVBLl47zl2VpBbJwCRvZ
ccde0ad9-8f8b-4106-b7af-c60156a29d1f,With Løve,0x0UI85q7lIdGMEZsNH5fm
7db9e239-8274-4fe7-912c-6f7d4ee912f1,NUZB,1whPdBCsbQv270FMoML1fa
ba9c3ab5-4891-4a8a-ac11-553e6e05efeb,HYO,3U7bOaJLuFkrmDQ1C1OqKl
96cb60e4-ff83-4319-8a27-9581704ae080,Asdek,2rxubOde1svVDYAVDy7PDS
27e6653f-3bc1-4e68-8b2b-39c9203d3b36,Maazel,4w5LgUT6bfJnNq6wSFbND7
772237d0-7d4f-413f-99d3-1eb199a0fc59,Smalltown DJs,1qPcb4gGRO6ZsefrOWsh8f
b1511cf4-ac92-4248-a3ce-7c8d792b2c14,Jackarta,5kknK5Imix5mqqafSAxg7d
a3d50beb-6758-434a-ab7b-cdbd187ec4f9,Psycho Boys Club,17NhTFMWDCB9nU8eDbRWiu
85afd2cf-419f-468c-97cf-1709957eb04c,Dokho,5m62yqRUbEgCFNLKLlHkXM
9f5b0a95-49dd-4f1e-a259-4248b17aa0fd,Solomon France,2NGEzvIbogjqVnEEnksrXp
80973c16-484b-46b8-9295-82d485debf84,Sam Lamar,2ihPQnVz8d2ePjGcXLbNf8
13ba03ec-fba6-48e1-a0a7-5a0fa470a40b,Bleu Clair,7kA4sEagpoNK91I7wr9tYr
ba19b26c-3814-4e74-b1ae-912d4d085c8f,Phonic Youth,19j2mxQkCDl6jNS9s6bf3D
893855f0-80b8-4c8e-a408-e39d8cd56497,JoeB,5mMGXoGMzmSf6tkxo30ja4
ebd2b792-7107-47d8-83ad-d72c364c3760,Glaue,4LLym899uwEUeuVo6KdVom
3a09d7d7-cb4d-425e-8a13-5946ea76b418,ENREM,0jeFOASu4F9BFVOEim8F6a
79f94648-617d-4aa1-8d53-550e0234bbd2,Skua,0VAx8r083HyvVoSSHhLyOM
7db12640-855c-4930-887b-c6f2d9cbc84f,birø,4hKPAbYSJKUQtFMSjCOXcO
c67dbb9b-72b5-43f2-8d21-b05edec1e240,Kobana,5ov17Bo6m3WkAQV6Xolg2E
3a95d620-17c8-4c3b-ae61-8e80eb600284,Ghostbeat,6HM5cyDWiTq4ijhdsaRZiS
b05c75d0-a25a-4605-b6ee-cb117ca323a4,AHEE,1gbDc1TANALgP8lLvO5UEf
6a0d607a-ce0e-4beb-af07-8e5b3efef98c,Staarz,0bb1EZkY7SlcGKU9e5T9DL
d473700f-cd52-4847-9aa3-99bab520e7d6,Mr. Hilroy,1SDhLZ6y3x0OEGEHZ96K2T
466596c3-c090-480d-ad4b-d6c5c986703f,Sam Davies,1I3vxQ9yM5SatqnxPaqAtm
8450b6b9-53ef-4c20-812b-7adfcfca7573,Icarus Moth,7qfcSYB4mkD1YyEVIkCgi9
27fe0988-4bb2-4aac-aff4-5fab015cbf04,Killabyte,5iKe6CPH9TWj5ybijbv0NY
67aa883e-9020-471c-8879-e230aac7c862,Kiesza,4zxvC7CRGvggq9EWXOpwAo
396b5664-b573-486d-bba5-a1c56b8e000b,yetep,20lmiQy576CSBPz0VJHmnC
8b21f873-e8ce-4979-82ad-4a8724af7006,Lexi Scatena,6OrvGE61MCrOZJM5naN4Vd
6cf35f07-7d50-413f-b811-710c10df1c5f,Fairlane,3L7JnVovGbYSUmRyqhXMYO
3aad9dcb-bb89-43ff-a9b0-f5b7403f2e93,ROZES,6jsjhAEteAlY0vCiLvMLBA
ebb7f2fc-3f5c-4513-b76e-56413ced1124,Weird Genius,5B4kCOhcqTywB9YwXPfFtJ
9059a13b-e27e-4f5b-ae88-beb1319ebb15,MYLK,4o66UJPzUonUgENhbqpHRX
7e462061-2089-453e-b4ed-027bd0284ddc,Zero Hero,3v6VDCGlWp2Kr4m4YbNKhD
0153c4e5-2285-45e4-a5d9-e6f92f4ce543,Conro,1BAdSa5cdtCNLbvT7gWmtJ
313c8b7f-3306-46d6-bd2a-6a0779e94e45,Mindsight,6EcpgZnQhBHbiIfyQPGiGu
1cc8a5ac-2322-4db4-b79b-9d59f47ef65a,ATLiens,74RET4rCZPTGzhsLjD0i3g
71316b47-7015-4eb7-a3ea-885c430ba133,Power Glove,0dalJaAT80lKfkZsC86lnW
08baafc4-f7d7-4814-8c32-ecd5d7df4eef,Halo Nova,1r7UPXimtCojs90x4ghJXQ
3218cca5-d660-48e0-a191-e23241badd3d,Öwnboss,37czgDRfGMvgRiUKHvnnhj
2a1687ec-1b9b-4fb7-87d0-cc1c6031be9f,Priority One,5r46Ia0Rtw4SEoTc0Ooh65
d2faf099-22cf-4c21-90d1-7231ebf647ae,Philip Strand,1hII0FUxBvpT7bnuS7TQ6q
5571aafc-6b6d-4698-8f0a-4f4818491c19,Brandyn Burnette,14mErTJ0ubFVjx2zBAwjkE
3e697239-ffc5-480e-9d4f-80994dc117fc,Dion Timmer,06VibSJEr3GLxLBBZhRums
8eefc1ed-3fd2-4628-9724-32db09ed9f7e,Decimate,6JvIjkaONqopTk15bnpLjz
c6397eb5-6420-429f-912c-8885877e012c,DROELOE,0u18Cq5stIQLUoIaULzDmA
684b0893-da1e-464e-988c-e0dc0c80ffcd,FOCUSS,1zF6ztWzJmC3kmyvUsLbqX
c8f1d43b-b8d8-40ab-8de9-e7a57df02ada,Grant Bowtie,3jnJamJbsFzvFbEu58aPss
4e8bbf16-1def-4e0e-aa85-4fa59aba1690,REDLESS,30j2u2oo0Q8v2pBjnb3ctJ
90967876-9453-4361-8692-796f922eba41,Robert Nickson,0dMK3g7XAApwIpLTyE7mqJ
b25cd945-8a65-4856-adcf-93963d89c2ff,OREONIC,336UacimPDVf0A1Y7yXTcm
ad6991e0-26a7-48a9-a6aa-9e6c8869bac6,Just A Gent,1kwGj7uDO5WXVXtQLvGJr0
fd9986a9-1c0f-44c4-b615-67747b758dd5,Lizdek,65Kq02oh0g3gRqfZ0fo8eG
83fe7060-2be9-468b-8190-a6fe12e91c94,Séb Mont,4lFWNwqQbywI4qCQ9PeL7V
288ebb06-636f-4d80-88b2-6c01464e71fa,Riot Ten,2Zxy5LwBatI5kw4uponwHQ
e9286047-d360-485f-b928-e629d7a95e10,CRÈME,7GSnGLal6xBBecChmC4W9H
deba79bc-cfda-4cca-952d-54b26ba78dbf,Trilla,6UU6uoqbBiwayOXapYoBI0
dc4292f3-0385-4ba6-b741-cd4fc0658a17,Abandoned,1qs72LBhNBAQGwxFAnlo0x
87ffbde8-c6e0-413b-9af6-48cb012fd1b2,Kiz Keyz,7GAnVRGrOJIUhOQKEehgFS
d3a78200-ad71-487d-864f-646e2610ea9e,Royal & the Serpent,64EHXDoln95lnccszdPum0
a89eac01-7b5a-4996-9b9d-74a68c077774,JACKIE EXTREME,3lTxQgwx9i1S3u0UoZHCRr
173c19ab-406e-4953-8532-23a463937fda,NURKO,757FXqX0Osk2pqtgv4E5v4
ce89ad8b-a94f-4c54-b474-9a18aab7d676,Careless Castle,3AIJLK5M4FWwSx23YvOgvC
c49ffd44-8ec4-4330-a379-8b79fba965f0,inverness,17aCDXnpzF1XYVe0QrsRvs
cfea2179-03ee-4dc8-888c-6bb9f13730b8,Ace Aura,5o2KBzYUFierWmBhSemAhq
68538466-dbe1-44a7-91d5-68021423eea7,BRDGS,3yHcgChNW7jVTvgBfgrTeT
c213ea05-3cd9-43e8-9fc9-77e1f1d5383f,WHIPPED CREAM,5CMaNobmJYgXcfiT0zYOwi
ea8fa109-ab90-4d5a-9121-98f95d8ece99,ilan Bluestone,1yoZuH2j43vVSWsOwYuQyn
5a0e5e26-215c-4078-94db-9b9094c331e4,Warung,2V1Ub5tTf23y9LkBjLT5hz
591b77f5-08ef-4174-bc8c-8b9f40976b2b,Notaker,0I7HgbIetYEIweWq7nD6En
48f47827-f9e0-43b3-8dc3-4c0014c67c49,Sara Benyo,6jJS6oEAQ78VJ7RhG3KS4M
ab7c30ea-e7a9-4548-ab84-344c099b51f5,SpaceNoize,2zBOeFtRMoDURb9zx67NL2
ecdba586-b965-4796-a9a6-35dc4d341caf,Pauline Herr,66VgJGpaRMwrNaS2MPqIDf
a7706333-7a48-4e75-ba7a-246254c233c8,oksami,1b0Xogb0sa1XfgUXFWPb26
2b2dac61-8f02-4a89-8f60-de69c52e4de4,Saint Agnes,7c7LKkvEU9xLPyFmvV4njL
e169d59b-6ebe-4e5a-a179-6c4599845277,Haneri,3lwPzq3sT3tucaO1F6sDw7
f3400dac-cc67-40c9-a6c8-8ae8cdaa196c,Tien Viet Nguyen,6odxpDVoNhGYuhBzCZTAk6
d2a27217-64f7-42f3-bf85-3126caded556,Jordan Shaw,6Z8vLeI1ZMj2kzTNWVOBXr
e973def5-2586-4252-89da-1dd934969baf,Misc.Inc,3qRe4C6xUFaW1GXJsRC4oi
35fe8ddf-dcf2-45a2-a152-f3442f5539c7,Crystal Skies,6HraHl4uwIQFixUu3J49BK
7d623fb4-65b4-47d2-b835-5e10c5ea7f0f,Leah Culver,0KEExJc1NKwmzJxQHbbkts
2d5aff03-86da-40c2-a4e8-5fb885b0eb94,AVANCE,7jIewPOjOwffB1mcJIk4vP
981ca139-1b16-40bf-aa05-4cbb7c71c185,Razihel,4fU1af1HrVzI6L7qFyrmIQ
1aca5c1d-321f-41a8-8acd-d578e2dbd217,Subtact,6kx1NiHogZzkSU7lHMc3Ow
0007f1e3-b205-4a5b-8316-3d8e74f6a937,Athena,35e9lLLCAkexOFe3m0pK0W
77c384ec-ec8d-4015-bef5-3fb5eeda9e91,SABAI,4OaSyxqlkp7aVpAZwF02QZ
e43bc755-3204-422d-832f-e9b07d6eefe9,Tylah Winyard,73Zr2t8mHIMaq0qe4XUF15
06404563-1ff0-4bed-9dba-4c660ac3842e,Cosmaks,6IH6wRrcnOpOOPkQxO4ry8
aa338f66-69c5-4015-b2d3-cb237472df14,Vintage & Morelli,58dfpnXBkKgFNH2JFtEAv0
3d04531f-142e-437b-b945-3acc5156a7fa,EMSKI,3UqDUfl2fG8ygrFRlgHVZK
abba7c56-a4af-4f00-83c3-d0cb1fa12462,Celldweller,4BKyei61gtyDFxlKhcvBJJ
3ea71abf-af78-4f88-8fd1-3f807e77becc,Elypsis,6ECqUbMiv22cNYmeBIOoPL
56837776-196f-4857-b3ae-a331c94b800e,Oliver River,38xDMgRyJXkmnsp3Q4Q9wv
bf6215c7-7dc6-45f8-873a-61973aee536b,Lani Daye,1fYnA1IkOOJ3mtWl02xKk3
ccf9d91c-08b8-4227-80d7-f1c9a8f01812,Natan Keller,2YArNjhePcMzqrytlZeqRt
1fa1f1a9-466d-4904-99c8-880fe5a56be1,Clarico,4z0z7HVzL9JOn53wLYnBi9
2b58b234-4b00-40bc-9f5f-c00ccf68a4a2,Fransis Derelle,0SjiMVVtcOsDAOb4fKCCLn
575b43e3-7ac1-4bb2-85d7-e9ecee27bfbc,Rich Edwards,79v9Al6rSVH9SFk0QzzOl1
c443f25a-9e6b-46d3-b91c-84373764f650,Adventure Club,5CdJjUi9f0cVgo9nFuJrFa
e8505457-0418-4771-b36a-616414ddfa5e,Delectatio,60TCNWEosNkmHbE0T7CI4m
9a0c8d94-c63b-496f-bf0f-a8a00363242b,Kayzo,72iCiKwu6nu6Qq9emIwzYv
8bafe478-d9e8-44cb-9658-e70eeee98035,Pirapus,7KgEOoJ0CawH7NOaLe34Qe
d499e421-8eb3-44fb-8507-be560d346a0d,Not Now Please,3f330dgm1dKMxsVZHy7M84
95dfc355-ecff-47a0-896a-d89fdac7aca3,SampliFire,57gGqESEggWfCpE3KOzdVa
c09f4ea3-b0a0-473c-8e10-62d93054f0e7,Cxssidy,3Y3lbzoi0F8wQIiTnIbDXq
a309d20a-eaf8-4a0b-a2d8-8ca18b732788,Sweater Beats,62Jfwxon19ZOT9eSL6bvtY
bd2da90c-0592-4c18-90f7-f4400adb00d3,BEAUZ,2Wzb0u138rgoZQTK3ytknT
6f963b1f-2baf-4c7b-bb81-479d716db67a,Afinity,6N7etQK8kFwtD0Kch6FVvf
002233e0-1c03-4676-8c46-4c01e6547db5,GISHIN,53b5NwFZLCZySuNmbRvR0l
9a3adacb-7a1d-403f-b3b4-30bd20d0e1ea,Skyelle,5mMt0V809N7Y5mOUYsmOW6
2192b6de-7c8c-4d2f-9611-e57b0b81da28,ROY KNOX,6rADW3yvxPKpxWuNUKEed3
3f08f129-1b86-4d32-8ee9-cd378b977ab1,Kai Wachi,2fNr4ldujwq97v1jWeqs8K
c9572c4f-1ec5-4211-9315-5df8331977d0,SLATIN,2K7Mq9tikWmSfodrb6ZyD3
0a79f3c6-4659-49f1-9a77-d75d52064a47,flowanastasia,6AAhs4ooZ8UUIuuhWj1ZjM
3378a864-a455-4864-9b5e-839062e55c6d,Heleen,71GRU9wS94BTdNwQWRMJV6
7cd1d46f-cd29-4eb2-bc6d-9df810ed5cf9,Julia Church,4dHGNdVhBxCJUyMk9dR727
bbb4df2b-3346-4ea1-a165-f0cdb043c103,Michael Swank,1p4l2x4EUENGm1VCQfBkuu
58053865-50f3-4ca8-b56e-48ac9b04fb9a,Pierce Fulton,5p0zkKpBuRguKebwRe0RI2
5878176a-1184-4529-8181-2d0d20c2fd9d,BIJOU,3abRKajGbb3kLMy9AWzfMA
ee393c18-4250-400b-b089-a9b1f2de058c,Poppy Baskcomb,4STmXOXUF3UieHU46NWLVt
7f44ad01-6f87-44c8-b389-8eb1a7795763,Jasiah,7502fDxg339jvGV08Jd4R0
e019f50b-19dc-4a8a-81f8-ad7dafd09ce2,Kozmoz,4jwHh8156lpD0ifm9bUCz4
2c628985-1cd4-4dac-bfc1-c5eddc92e41f,soupandreas,5dPMuKQtWLLl1Thw1Bf8h9
d7a3fce5-c570-4bbc-bf96-c5d3f58bae53,Nitti Gritti,21AUdblPrTRzkvJn8FGrlk
d6d2af0e-8831-4500-93ed-a19f41590fa4,PollyAnna,3mRSi79NwnlKaOH8vFxBVL
8ad9d6ca-7aaf-4f20-bc7f-4ffeea29f58c,Soundwell,4ISwm1IUrf7noBX3UeGc0Y
9bf85fee-4f70-46c2-b116-c783669766d4,NOVODOR,05Jkv3CdlsPA96MC8ZYLhY
a3d74f02-622b-483b-ac45-fca76b6d4d25,Emily Vaughn,3G9gR0x4v3J2Vek0Fw0yf2
b447d409-42ed-4d3d-98a9-db90ffe0f161,Sofia Quinn,7aa9NIJCeJoYtpUL56UH6Q
efc972df-5e15-47f7-9d85-792d9b7e5b48,Kaydence,1LSEHcEojfn4kn3z1KkRP2
b9b09b4f-6f3c-4507-bb28-fd3ca2a1a397,Haris,6tE3YSDrBq015UZTxh9Zki
f69849e2-5e70-45ab-a7ba-d0acd7d75e8b,Stonebank,4lC8Q0azW5ij2e1skZo377
a7a6b98d-717c-4149-96f8-06e965c1c873,CloudNone,49vNfTzZU1nXv2xO34z5RY
a9e0fa80-c485-4a57-9067-09ffc48b8889,Meggie York,0ydORocQawKL2QaPiGG8fZ
bb711f89-11a4-4ad8-a07b-64ba316bb8d2,FTKS,5htkK0O5sj4fcFYnZrvjW0
4ef0df3f-2a50-4ff4-bf9b-195b8a4db528,Passive Progressive,3x2YM2HWO4cUT8hxFWdIz8
ff73be3a-e2b8-45ab-a299-f6884cddea67,LissA,6aAestjbtEbALwyIYPg8Na
aace80a1-7bd8-46e5-84f0-f6ef2c3775df,TroyBoi,0tvpihdAsKiNnP6sWS3jUI
66f8786b-c2d9-4c4a-809e-d03d23d83893,ATTLAS,0jM4IKp6YlTxq8tNDH9fX3
b60ebd7f-efb2-4513-81ae-69b3eb763b51,Lumynesynth,2piOPWDGkopcabpha2zngD
75119a48-6a50-41e4-93c0-950ba8b0abc9,Trivecta,4AT7XlLBevgZIiKvZQ83ye
50e2a685-3b08-4e32-99b7-b5b9ac2817e0,Nigel Good,5Q0xO4AeNtPKPqWcpCygD2
f62d8e6f-640e-4cb7-84e7-765fb9598813,Case Of The Mondays,0TcmYfWCoJWqMBHWmLr3LL
d9f2b2ef-083e-4502-a997-fe53d12c40b0,William Bolton,1NPkkY0RutjrXakIihpIiS
1fafcb6f-65e2-4215-9e70-2a9bd9e2440e,ND Catani,5wufVJUfv37Hgj1y9C3k9K
167ff41e-1e6c-45c9-9fd1-f878c015ea34,Dr. Ushūu,5UCxi2O9gdyXj7fNgQE9xR
9d4d7d9c-957c-4e57-a124-9523bbe9b464,Honey & Badger,5R5qNSYFn04J9jF8UnmYbK
9f0f4582-8008-471f-9f58-95e48df33802,Gent & Jawns,3NmuArRqqfxT4rvFSgb0cx
5dfc3bbc-0ab2-4ccf-8999-dc540beb1dc4,TwoThirds,1Q0ug0ZkUQ3pyfY8vKE730
d1e0a013-8506-4b61-9151-48614ca0a0ff,Just Kiddin,4bazJLWIv8CuqmgxJRiGqo
75c2697c-c7b1-4109-a6d8-cf4689b54367,Max Styler,3NKKngINK1tP6BFy0WOyWk
403c9fe6-84ae-493d-8327-7f182c730fd2,Standerwick,6mLXfZ1OfXde8Iy9BfKoHE
413c9c43-f86b-467f-8157-54811cc29c42,Fraxure,1dGn5V241a03xUPyhKgVjL
224a6c8d-9405-438d-9484-1252eeccba32,Gareth Emery,0hprEC0nsWuQPSHag1O2Vi
ef1faf3f-78a6-4f03-ad02-bd4598439e24,Televisor,5h4HpujvLoTaqy2tkrs2DC
283febb4-ce92-4b1b-869b-35bb3f2cb156,Example,6Vh6UDWfu9PUSXSzAaB3CW
65280e81-a879-47bd-9f52-bbbaabc21f61,23,2kelxK5xqN9sWqWnc7qT4J
652cd0be-cc5f-4fa4-bb88-2958831902c5,Ubo,5peplsISsiy24ahC61Z5Wr
4b93b1e7-e50f-45a5-958f-6093ae452bb4,A.M.C,5DygptUY6coQHpmgFfISzQ
c2af54ba-74ee-4511-9379-6ad29c198af6,PVC,5UNXmWQKKqqBCxmcotxXmO
44ad7fbd-e1c2-4321-8770-4fa39b18e7d8,Bella Renee,7od8NRvfdfAanx6IcY7JSa
995b21a5-ce9d-4037-8f0e-588e190b9fa6,7 Minutes Dead,6MXp12IK29WvwsSbj5j49p
1e444462-7289-4458-9517-023d124411dc,Blastoyz,6WLP1sraOcF3Gaxp7xBa4p
d21b2fbe-75b2-4236-bcd9-79564b19267e,BOTCASH,2ohZgLU6lCv55yV3d05nMv
fdab32cd-5ec1-441c-924a-f3b12a9fbbc0,Tisoki,0XW7mqhbaQnRtHmwfAVg64
4c3e2a12-4a31-4731-9d64-edf57b316392,Gunnva,7MVtZkqiCMOWchZpXPEMXh
2ffdbde2-6d4b-46cf-a138-e204c4a0c40c,Kumarion,1mlAkvaCrzWSxS2ATBZh27
967c1cc1-df03-42fc-b99d-be26bbb11519,Chassi,3uSdOouuT7NoUXdDSeJnky
9b4675e6-f1dc-45ff-ac87-75e8dd8185ff,WILL K,7m3cYjDlffT2RvkaRrJksn
2a4285e0-3fae-406c-b140-5711b6c88bda,eerie,34Ms8SDF1EGvcSULOKjgaV
874118f8-00e7-48de-94ee-187780d7877b,Machine Age,5tNIHxZf1P1MJfTK4kC79z
e6a5dcee-e635-4907-932f-e4103fbc8d29,Disero,0YVFdCm1S3ikQU0yl110lu
b6aa7d3e-daf6-4ff3-a81c-571a6440e530,Raven Gray,3xnaiXk5TG9y2fchyrceAr
e441806d-7eb9-4ad2-ba87-b020a3940242,Haen,09XV7VUHzuQEzdkul75n6g
598c9149-15e6-44c9-a646-27cfadbe0730,Prismatic,2W8zVw5vOEFKRz9k5GIZZl
57c128a1-107b-44cd-8471-16a2dd3f507c,Murdock,501MfkAIop4dRLvOqjlMHl
47455b7f-0d96-47df-8bf6-ef5d27baf909,Woven,4NSmulp0hBy5rJyK0doyUO
df508d2d-852c-4888-94fd-233bd5691c8a,MØØNE,7kKL0Z6mypwMkgCevMfuQ6
1e2315a9-30b8-43b4-9846-eab22e1e4810,Skope,1CNzdqENfCq3aTUlCVHs7B
aae47c4a-0903-48d1-ae6b-f481752be1c5,McCall,229NvsczXKwdH0DkPg4uwT
35224e16-04da-4ab6-8459-f43632bcf301,TVDS,7tGosHSZnMqCYsZeC14l4D
80d16806-8385-434c-a006-e6ea814bd221,UZ,2hndbDJCfHwD1o2ZTzKLMo
1ea58b6d-5a3e-4e8e-869a-82ce94fcb398,YAKO,1ZJKQZxGglvAs0xBFBMzht
ead9f51c-b1a5-4e49-bdd1-5fdd586a16ae,I.Y.F.F.E,0tqCXWVRTvS1rQl4diCNCh
e9986592-1ffc-430b-a7fa-e4aae0138445,Salvo,38u5tDrWqAZsGySZL5OB3b
27063fd3-4fba-4119-9af0-5001e925b0d2,Grant,2Hchwjfl1DioXcIwbOJkus
463d8cfc-1618-42d6-b3d9-3376cfbe74fa,Anaïs,6o96xU0mXSSthZ01IGtn6k
885c9566-00ef-4beb-ace1-a9191cef0858,So Sus,11sKJR32kjCgOpP5jyl38A
722882cb-40ad-45ac-b0b9-8789c93a6eda,Boy North,5RWTv1TLAxHSP7N33pFJfN
b6840f6b-a492-426e-a0f5-8165a025d97b,Hoax,3W1enT2cxmP2PjLG5zwmby
900245b4-8198-4546-95f7-90ef98861e97,Nick Smith,5W5JelsLmCytPXmzN5w8fc
92714424-76b3-46dc-872d-3438a7717dd4,MakO,73RIukySaMp2KWWuGku25c
d8adf42b-78fe-45b4-aac6-1586294266e7,Knife Party,2DuJi13MWHjRHrqRUwk8vH
6e101c8d-4c81-41c3-91cf-be65af050749,PYLOT,3ZLe7OttXFn3JOPVZ9Vrr0
46ea4179-cdcc-452b-9e4b-c8416fe41f36,Rezonate,7z2SH3eQbWeFdzQZcHQQ3O
b4854817-cdb7-4cd3-b5c6-a5e410827d10,Codeko,7FZKXzbyCoai0fEh65kZKp
428f266b-3ff1-450c-8886-5a3a3210d0d6,Spectorsonic,73xgdt1MLi3493DXG5koga
02d021b2-f909-4def-9ea7-455edbf95341,Cyazon,7yiGQoPOHVrr5LGKf5VwP8
5af7136d-cfc5-46ad-b49c-1887a64d8c49,Papa Khan,7DKYxh9hbhtTdPRSubo2iM
7d07b18d-e617-4ac7-ba1d-b89a847bfe10,Cyclops,1vOTVnnyLvVTeuwrZLghCN
a0fd599c-b4e1-4e65-8365-68333e5e22b6,I See MONSTAS,3yWCAtesP5BFtJnBbgfv8b
7bd0e506-dfe1-4329-81a7-39c3182fbe00,Dzeko & Torres,5Ip2ecnyGpNyZvPuuYU8Ai
d9cdd339-d30d-43d5-922c-5d7d1c945147,Bloodhounds,2av8ZHSvmpHlBQPnG4z7XQ
950b6435-cd7c-4305-9d20-b5cfe38a198a,Emorfik,34bGTqa9HJUnf14IOHt6pc
ae0e860b-b892-4601-8a2e-034ba4b7abcd,OBLVYN,6K47OYDcLTBRebTJGDtedF
75f5b16b-bbf2-4f39-a326-49c6bf5c0ca3,Sarah Watson,3pyGXjDKAt3czGsh7vxkT0
c7e91651-6f3e-4972-9815-6818070330c7,Olivver the Kid,3SoOohS0zlj8nLdGmhrKA7
aec2fbe8-022f-4bac-a950-46c7a4c05a4f,Hammerhead,6sckmaSXwZnsOR3kB4Hk75
cba5ffa2-9da3-49a5-a4d7-eb38dfa259b6,Tailor,2Qf8oz2NeIs8FVCJSsXkWH
9c22bf67-6c48-48b4-a5cd-2fa6157c2d74,WRLD,4VqBNQRr0nDN0trNUOn0co
955a1b13-7ad1-4b80-b1eb-6f4f9d413575,Aaron Richards,635Ty89ihpkpWMkLQ7dlsp
c2a924fc-b903-4d1d-83be-fe7f37f039d3,Meeting Molly,55p34uHtqEyL4CoYAwqE2G
e839f063-4aee-4c65-b924-75307be91ba7,Fagin,7rPtQcrQxAA6bdsUwSyYoV
ce7e38eb-a7f4-44b2-8310-e07e25b5cd45,MEHÍLOVE,3K19K2CyRtvownRCCRYm6l
892f055d-35e4-4c63-a856-f27fbe450933,SQISHI,0UIHAcihBBHr4dlN4syE1h
efd2c65c-24ec-4f95-99a0-7a48f1f43914,More Plastic,2pTv3pLM9Cw3tblbBHOAzN
1727539a-d814-43a9-af38-ee6fc66dd5c9,Enviado Vida,0oIm7Qj3lCZzwr1xLlRqT8
8522c6e2-f030-4994-8174-e2849015745f,Clara Park,7pNT2JErag4HzHSJk6z2w2
4363fd3a-abe4-43cf-bfe3-a3778399351f,Extra Terra,4wjUOQuVVl9qzSdSX1E1yU
61109885-adc1-4869-a5c0-5aa1cacf922d,LaMeduza,03rlubJFN0KCfvjKwt25D9
73b7a67c-0ed4-48a3-a9c7-3162f36c73b4,RNX,6MvuP20356EIRrCDMI92jc
2a550377-222c-40d6-837c-83149b27f070,The Duchess,5WxiAl23gqBkSToRgKsG8B
62c3de2b-773d-4c72-b56a-1931b63336eb,Cozi Zuehlsdorff,5wMfct6VVvaVQ8xGCXxIUa
c9afd97e-079d-4d69-9510-72eeb1e3e889,Atmozfears,0MBGxwmCdXdO26ojaNcT64
f185a52c-c3eb-4515-b2d7-5e9e94d6e314,Josh Rubin,7e1qyhWgdVEnEjG7Sbb5W0
0749c664-8249-426e-8af5-b0eff3df8973,Archaellum,20USeJ3zyr7lnuWJMJqGUD
4ae2f3c5-e368-43a6-8fc2-1e0b125718f6,Emma Hewitt,1t65YxEAtU3iii6bCzSGF8
2f0d9dcd-f130-4a24-ae36-9928676bb446,Vikkstar,3wE6Lb4RCyPMoXsnXV0ZPC
d4b4f805-bb08-4e29-9c78-8166d4139c1a,Emma Mae,43a6MOLTIzH1H3LjXIJOZv
7acb0e17-2f5d-4cc1-8eec-7446f4ab6547,rshand,7gjIrPoGRWrG0ymsV5TZ16
e99248cc-32cb-4366-826c-d542e0eb8bf6,ary kemler,0yK9LBVrp5M2WD4IzAEZ69
569d2579-6606-4af9-b8a4-c4de27e1086b,JNATHYN,1zThDYJbVAPulAkfGTkcLk
a0915614-15b8-404f-b4d3-ba48380cec01,Essenger,3vc0JWD1Nj1VLrgJ1x3cjE
c89dfaeb-0d3f-4ee3-98e7-f1e6c7e440e8,Trip Trop,6LmNUSHJnlW7mtrLO4ovKX
61a63488-650e-41fe-8e7f-a2ecc8045722,Dirt Monkey,5dNqUwGTZcQQ09ecTKkCGH
deb6bed9-85f7-405d-8ef9-98e91200c43f,Will Sparks,1u7OVFmWah4wQhOPIbUb8U
fc093e2e-f655-45a1-9c6c-1915205f0252,Tokyo Machine,3bwENxqj9nhaAI3fsAwmv9
67d85670-0b74-4369-9039-14e1b281603b,Ra5im,0tozaYWflIEZ3jaXOULWjk
a0a5b7e7-f6f1-452c-ab8a-4a33ebc3b6ff,Eskai,1ZfAtrPaQQXjM3g0JjKYmb
bdf0f282-269c-4c14-b472-14166b1859a1,Blvk Sheep,1iFDlldazsxhcE1uKnIsXr
961d9fc6-03da-4b2a-aec6-68bd69b960c7,CRaymak,150jtRwN0MU5qRxkhKnzNm
a106d79d-d74d-4a55-821a-f0e98de7d7db,Codd Dubz,3SsxYsQwnhws0qW0fsO1s5
09bc7a44-11b9-440d-a6b9-7727048f3b24,Misdom,1DbEQeF7ssOqCMwr6B9jPt
76cb355e-b621-42a1-b25a-9a431eafffbb,Arentis,3eAXDhAvVI3bE9ogPMNdnl
62d07a49-0a96-4d18-a419-0a52633d67a9,Isaac App,2OSFdgs18suoiLJWRcqiEy
50b86d8b-d196-4bae-ada6-8c394f113753,GARDNSOUND,2Z0uEYNxIsYElu0cvDtJSr
dd10fde3-1236-4687-9ffa-8025f6f47b12,Tony Romera,7GQsOji7pfixzkLt63awo5
3900777c-82b8-4e9a-9952-e231b306e017,Foxela,1R2OPNS7EkGLKcDjyGnpEu
4f155290-690b-46ad-9fe7-6420375fcbda,Rob Gasser,1WlxlG9IzXsq9MkneOPkxc
11a1b20e-53d1-466c-92f3-a03cfb8f248b,Nina Sung,3IDGSw4dPbHMSnd93gkeXG
7e9b64cd-9b2b-4cce-a939-aa1df88466ec,Julia Michaels,0ZED1XzwlLHW4ZaG4lOT6m
cdf334dd-2bf3-47d9-8349-8de935d7e861,Ella Vos,2zmrsXMHxagFz6vI2cD7r6
5c313df0-d008-45ed-93a3-f220eea533b5,KinAhau,3C7Tv0IqIGLjA9rpVaeHRB
eb1c4dc7-1f43-4b80-acc4-ea268f00ce9f,OddKidOut,6l6zabESz1QE4me8Cz3uux
510601ad-5906-4283-963a-0e30933f0447,Not The Father,2RGCVHkfmLPJcZVrPBsvY0
a908893f-dd31-493c-a7c4-c5c8ab2ef5ca,Event Horizon,4SEMFplTKKlp8dDnnImaYf
8430a28d-b81b-4bb8-bcee-bc3bca638b34,Willy Commy,71Y80vKqWyKwMg3dV8iFPJ
e11cf409-d5c1-47f9-90ad-69cd390e5098,Oliverse,3fFMSweDNwFGyHcxjN7MWp
3a2f9aab-03c8-4fc3-b2fb-25b09984817f,4URA,3EG6B7xCYrCokW2HJiwpPd
fd9ff2a7-e860-48ba-a201-234f54410d24,Johan Vilborg,7hccrx4H5boJlleSXh1j7N
4399b529-a7b7-41c6-b66f-00d8a0e76978,DJ DIESEL,75vCyksqhYjtt5VIpc8g7u
3a70e717-efc5-4966-91a3-1bad1717114e,Flux Pavilion,7muzHifhMdnfN1xncRLOqk
a27e9764-f714-42a3-8c02-4411cb61a209,Effin,6l0u1oM2imxw0isrGcXpmH
9f8d035c-f92a-4429-a5f2-3f2b786f9491,Vluarr,0ClkclGbzsEY0aBtqq8MrB
e826a9ba-f391-449e-85ed-df38e0d0e328,yh,0XXXr950CcIxSf1cbFBjGb
0b95b6a4-4d9c-426d-ac7f-6d61367e50a2,Aloma Steele,0Th7ebqyWRIwNfNDIkEpNX
088a6943-9ce9-41e8-8626-dad3c98295c5,ESPER,4qxyQRkuA00BdgRmKhzSC2
5c92d530-d29b-43fd-b135-e59f5b879f04,SØL,4lIm4NzXKTs3bHWxUq2C5a
15d91e8a-096c-4d36-b809-60f1d871c5a3,Vin,2aDShFDjvKxrb7FKzUvkz6
796cbaa9-bca7-4db2-b53e-609981d04f58,Hush,5yumQW70M7N3EeWFWV7fUZ
8e55fbed-429d-4d00-b18c-6704bca1e175,BT,64MoFdq8ORI3V98AR5SPWL
cf1d2fc0-9744-40bb-baf1-7f8f4ef38080,Rundfunk,57YxaoBg6PRyZnf0AbNh4p
d06aae9b-1b35-4e25-88ef-1395f091a41b,M.A.S.K,4BbXWPIfy8mGhcdzvNQV3f
01a80600-9958-4350-a59c-d2e0411f01f7,Frost,1OP6j4VDvE2sJP8kQ71ksZ
b57d8377-55e3-44e4-b6b5-52d2f47fc3e2,Shaquille O'Neal,67RWyN1fDOu7WuSTIi5hE7
adc6d152-2933-4a24-9470-00674169710e,SOFI,5JQzXeT8vXc1N4Y6tGenCb
3ba71ffc-d3fb-49fc-bdf5-83889c5ec653,Fløa,3XgQiERzlGzUe286O2jo7I
82322159-5b59-4ed1-8856-c2329b9df0b6,Kage,6ehv7BnQkNEh7Hqd8rRcot
7778cfb9-080f-4a71-b812-847150f19798,Elizaveta,2a9bCkqCkLvXM0s3uPvR7M
3c41eb29-d612-4b2c-a375-00ec017a000a,smle,1JV42BPeocUJ0EyQh8ug6V
166e1eae-9dc3-43f8-8772-6e090b6552ea,Hellberg,1kgxTtyF91VaqLD3J6Krd5
fa3dea4b-7add-4442-bd1a-35dda747a171,Rootkit,01olvHW7uzIInQx9VTNuJm
6f9a271d-a5d0-4de4-bd54-f532ef213725,Paper Skies,3jtjn7NRlzHNIqdPvRf2WA
317d39ec-ed5f-4361-964b-292bfbce7d3e,Katrine Stenbekk,6Nxgeg0RW2lIaU35QlmJpo
164a2fa8-2da3-4d40-93c9-5b3027b34740,Punctual,1ocnIbhFWM9bSPrd7Hu4zF
e877a431-da9b-41f1-9827-a6ffbe640c04,Godlands,2BW6zD5lzOxdEFWrgsHMq8
345524ce-0568-4213-9830-868c2ce6d935,Mackenzie Sol,3E9DITocLFcvQi0v56uhYA
bb372e87-e06f-4941-aafb-f5d4c3e681c9,Vastive,5dqKDhDTrjMvSExBmfMNeH
38e0eba5-f2de-4170-9873-12572db6a26d,Sullivan King,1CXuuw8HJhyN80HlNzvL1e
eac6d911-b60d-4fe2-b827-3f6260d3fb9e,Masayoshi Iimori,0pdvKDKFxwUerd6uaYHqkU
12742d97-bb49-4b0a-b429-5c91970e0586,Synymata,6mLoXZQPyVJgzOqKLkJQoC
fdef03b0-6382-4068-b0d2-b1ee09cf0d97,KDYN,3HCAcFMOAXLFYEfpTgQ20N
47c6008f-910f-4b05-a65b-e193925ede9c,Shingo Nakamura,58zz0VTpGNHn7MGTlW2cxQ
3ad25a03-52a0-4566-beee-d05547dc9d22,RYYZN,54YpMpAIJC7FV2toZvVo5f
83c145f3-50a8-4dfa-bfb5-c891080c1f08,Bosquet,0jdMFRnlKnegYcEsnKTxsD
775f4bf3-c18b-462e-8304-c71af88505e0,Virtual Riot,4FXGRMSHh2JjHxVwS8dhH1
953c1099-b3a7-441b-94fb-6303edf193e0,Elipsa,2HRQmTBCGufnxsFIodHske
43a3fbbe-c70d-4c57-ae4d-07557b26d3b5,Midoca,3k4i4K7PicHqnodnYhXsJy
e1876a48-0edb-466b-921f-853f44563429,Lewyn,6h4aEgNEr9VqPnXkipmVAR
d6555cb7-f948-4033-a60c-d5ad24892730,helloworld,01qG5pbsKe96w87ZMjphP4
ef314590-1a64-4b5a-bb0a-6e9e89bdcfb9,Saint Punk,0oad1RRAiN1UpaOWbIB0EW
7b1cd628-6621-4142-8907-3216a7daa8c8,GILLIAD,6AKiapdvTAXauBNZ7DxS3z
09f3b6e8-0e3a-4ffb-9ce8-18a43a0fa1a7,Avrii Castle,0UqWEQATGeW7cOGCg1bVO8
2658f729-15dd-482d-ba0f-4cca9c3e827e,Bliss,5kCxDwD2rjY6lKSGdAW7Lk
112d59c2-71a5-4da3-949e-83f0a0501946,AK,33Cf4O1KAVbtQa00scMi2A
9c751e62-6bf2-4ca1-89fc-66429a355d4f,Moss,2Jc8cCPK5iNSXVUgf79gD6
ca8ff250-9639-443f-b84e-a39dcc4eb3e0,BOP,02ZCVD3nqfqNId8lvpvCBb
b86e4358-89ca-4dd2-9760-293edfdc77fa,ÆON:MODE,41ouHqoKXNijIMFsQTmFQV
a4dae040-1774-4826-85fd-c5da6e82aa3b,Whiney,4YTBo7qadslqj8V8FMRuqK
f9fa8eaa-eb5c-45d6-ab5c-879e0b876f7f,Ehiorobo,5kZ3bLambJ4rBTQ7c2pmi5
5c98a105-6c5e-4de2-8c78-cefe3fe73c0a,Haus of Panda,1sJbXvN5tJwsn9JQuM8fTo
b7950b63-a821-45a2-adfe-f099e868aa82,Psychic Type,1MkvWPAIDYqY8YbNpzRJYK
33abe139-4c81-4cb7-aded-f545d4a2be7f,Voicians,5DNApAt05XowaylsOJo1eW
208da8f1-b2ba-453a-b29a-8f136543292e,Elle Vee,7b1FMiWXZwOBsxi0uWw6wH
6b12670a-579e-4a52-99ff-35f4a8652e77,Orbiter,3x1PTNpBlAIUtz0rvdaTLD
c3efd95a-ac9b-4ecc-a9bb-0fb8325a5067,Mitchell Claxton,2mQoo0WLxBTRhISOFHi0nA
82c88cd8-c132-4868-904f-a1951104badd,Kelland,7nZJ6x2Wj2suztg4H53GSf
fd9c7a87-c2a8-45d5-aa5f-d74d5762acf0,Ray Volpe,2K9qsrYnsu1EWt7ZQkkuXb
e5ecdb6c-216e-4e10-8c7d-f7c534e3b630,Exist Strategy,5I1pEm0UZGOxOHtCNkLzut
2a9443b7-8ed6-4824-90ae-9835c9e67d45,Kairos Grove,7Cf1QhdtHmjlckbnmUeC6l
5c41fd70-9259-4ba5-a162-af6e7dbba7c0,Culprate,7q7puZ5wtpfQe3doDb4834
bf0339dc-9973-49b6-a712-52892b92f9bb,ARUNA,0vqrIH6O2kBhSBGz7pwRC9
c6cc7acd-ccf7-42ae-bff5-657d7cdf5ad9,Aeron Aether,2p1uCt3hSaPnJpyg0sb7yO
9e24601e-a07c-4085-8bb9-751b3789c59d,Dead Pony,3lGO6uBIzoFyU6OoGMER1B
23791249-11ea-4e16-b3b2-41b29f9a34c0,Rameses B,06EfEcjc0vdvI6VNL0soIO
fdaa2535-b1b2-4fb8-ab2a-07b31b2849e0,Project 46,2RhRT6DNOVoDTfS0rG31pZ
09941595-b762-4878-9bdf-83462cd12b45,Rickyxsan,0lqxqV3IhQXO5czq1d0ZfJ
2c758fba-6904-4740-812d-fa9eb5a731c7,Bok Nero,7rnzdGq1qPizursGNI1P0V
511999d5-27be-41bb-ac8b-c00a9a216dc6,NAZAAR,6G1en7nfPSAWElhPgUOy0h
e85f84e2-2382-44b7-8918-b11f7537165d,Young Medicine,0Cojc5p5tlHl9I61q3ddjQ
4be63104-9e8f-43ed-8b97-970ef75cf1a3,Draper,5Z8Qlj0jWh0OOmJ55EwSnu
3a27015d-0d69-4486-a3ca-c39ee7e5ba03,Melano,3ccMUmxnP7Poo48pJXu6X7
17ba9006-fb81-40ac-8478-f85e71730096,Astroleaf,0bt0mRWS5att8pFhUkToj4
5a28fc6a-7856-4785-a2c0-4540f4e69468,RAIZHELL,24sVPKlhUfQ8rMyUg7qLUq
74abffce-7721-4a30-83eb-8950ecc9a80d,The Forgotten,7lXEr5KUTTaln112daJv5t
b5f8cc03-281e-4023-ae7f-38061a666388,Asketa,2rJlTPC0ClcoQmNWci4C03
7f3c46ca-5e41-4863-baa5-df8dd69b92a5,Spyker,4iw0IpAocxcswvLRUXW0so
5dd0d1f0-3190-4260-be16-c6cb1445cdec,ÊMIA,2Q1WubieQ4mTNNf4YOlFGh
8a3ea05e-2498-42cf-a942-c19433a2dc26,Bret James,04NseFrg9L1BHlCQa8tiBl
257754aa-f394-4edb-a43e-fbfbf76116c0,Volant,1peAJRnCgGwBv46QXFJEbU
25477b10-15d2-4249-a655-b7f85f1c55df,Tia Simone,1e1HmU6K8SdfUMIjYO73ke
e1475539-d1a9-46fb-b456-6f9a5847721f,Rogue,3zuevuwyBq4MiQzPB3nvW2
65ebdbf0-da28-4465-8eef-740f5deece52,Anthony Russo,6PFcrRZezCL5p9A0nwb7ki
581643b4-3a31-41b7-b2fd-86196f7e01cf,Mick Mazoo,1Yx2K8SQD3JPnPesUxNqve
de42ee11-a001-4a62-aeee-bee34ef5fd97,YDG,286Ranmy5NZOVyIwNwAUE4